01 - Black Swallowtail.mp3, 1
01 - Comet Lucifer ~The Seed and the Sower~.mp3, 1
01 - divine intervention.mp3, 1
01 - Eden.mp3, 1
01 - EGOIST - 好きと言われた日.mp3, 1
01 - Fallen.mp3, 1
01 - Harumodoki.mp3, 1
01 - Heart Realize.mp3, 1
01 - How to go.mp3, 1
01 - Luminous.mp3, 1
01 - MERMAiD.mp3, 1
01 - Orarion.mp3, 1
01 - RIGHT LIGHT RISE.mp3, 1
01 - sister's noise.mp3, 1
01 - Sugar Song to Bitter Step.mp3, 1
01 - The Everlasting Guilty Crown.mp3, 1
01 Colorful.mp3, 1
01 modern strange cowboy.mp3, 1
01 スポットライト.mp3, 1
01 天かける星.mp3, 1
01. Burning Soul.mp3, 1
01. Cheers!.mp3, 1
01. Crimson Stain.mp3, 1
01. ego-izm.mp3, 1
01. Great Distance.mp3, 1
01. KABANERI OF THE IRON FORTRESS.mp3, 1
01. Paradisus-Paradoxum.mp3, 1
01. Patria.mp3, 1
01. Resonant Heart.mp3, 1
01. Rising Rainbow.mp3, 1
01. Silhouette.mp3, 1
01. Yakusoku -Promise code-.mp3, 1
01. βios.mp3, 1
01. オブリヴィオン.mp3, 1
01. スノードロップ.mp3, 1
01. センダンライフ.mp3, 1
01. リローデッド.mp3, 1
01. 咲いてJewel.mp3, 1
01. 泡沫、哀のまほろば.mp3, 1
01. 絶対零度θノヴァティック.mp3, 1
01. 翼.mp3, 1
02 - MERMAiD (Instrumental).mp3, 1
02 - Namae no Nai Kaibutsu.mp3, 1
02 - PSYCHIC FIRE.mp3, 1
02 - Q And A.mp3, 1
02 - Shikisai.mp3, 1
02 - ヒビカゼ.mp3, 1
02 Give A Reason（「スレイヤーズＮＥＸＴ」ＯＰ）.mp3, 1
02. Soutaisei Replica.mp3, 1
02. グーテンベルクの科学世紀.mp3, 1
02. 極彩色.mp3, 1
03 - FriendShip.mp3, 1
03 - Shikisai.mp3, 1
03 Coloring.mp3, 1
03. in bloom .mp3, 1
03. 色は匂へど散りぬるを.mp3, 1
04 夢現  Another Infinity feat. Mayumi Morinaga.mp3, 1
05 - アイディアリズム.mp3, 1
06 - No title.mp3, 1
07 - My Admiral.mp3, 1
07.僕の望むセカイ.mp3, 1
08. 漆黒の彼方 feat.Starving Trancer.mp3, 1
1 Season.mp3, 1
1.07.AXIA～ダイスキでダイキライ～-ワルキューレ.mp3, 1
1.10.イーディーエム・ジャンパーズ (from EDM Extreme)-かめるかめりあ.mp3, 1
10. カザキリ.mp3, 1
12. 幾星霜の物語?The Story of Eternity?.mp3, 1
13. 蒼穹の誓い.mp3, 1
14. サクラヨゾラ (Extended Mix).mp3, 1
5 雹落.mp3, 1
6 ベィスドロップ・フリークス ［Long Ver.］.mp3, 1
Caramel Sugar.mp3, 1
★　paranoia 歌ってみた　【梅里】.mp3, 1
2-01 DAN DAN 心魅かれてく.mp3, 0
02. Pieces.mp3, 0
03. Sunflower.mp3, 0
04. Horizon.mp3, 0
05. Silent Story.mp3, 0
06. Moonstruck Dance.mp3, 0
07. Everflowering.mp3, 0
07. Innocent World.mp3, 0
08. ever after.mp3, 0
09. Starry Night Flight.mp3, 0
10. Libertus.mp3, 0
11. 春望.mp3, 0
12. Two Fates.mp3, 0
13. My Resistance.mp3, 0
(01) BRYNHILDR IN THE DARKNESS -EJECTRO Extended-.mp3, 0
(01) [senya] 月に叢雲華に風.mp3, 0
(02) IZUNA.mp3, 0
(02)Trouble Busters.mp3, 0
(03) [Mayumi Morinaga] Caramel Sugar feat.Another Infinity.mp3, 0
(05) インビジブル.mp3, 0
(07)  My Admiral.mp3, 0
(09)  透明エレジー.mp3, 0
(1)Vitalization.mp3, 0
(13)  世界を壊している.mp3, 0
01 - -LEGNE- Adanasu Tsurugi Hikari no Shirabe.mp3, 0
01 - 4SEASONs.mp3, 0
01 - Across the line.mp3, 0
01 - Ai no Scenario.mp3, 0
01 - ambiguous.mp3, 0
01 - Anata no Aishita Sekai.mp3, 0
01 - Angel Blossom.mp3, 0
01 - Asymmetry.mp3, 0
01 - Be mine!.mp3, 0
01 - Be Starters!.mp3, 0
01 - BEAUTIFUL SKY.mp3, 0
01 - believe.mp3, 0
01 - best day, best way.mp3, 0
01 - black bullet.mp3, 0
01 - BLAZING.mp3, 0
01 - blue moment.mp3, 0
01 - Boku no Kotoba de wa Nai, Kore wa Bokutachi no Kotoba.mp3, 0
01 - brave heart -tri.Version-.mp3, 0
01 - Brave Shine.mp3, 0
01 - Bull's Eye.mp3, 0
01 - Burst The Gravity.mp3, 0
01 - Butter-Fly -tri.Version-.mp3, 0
01 - Butter-Fly.mp3, 0
01 - Bye-Bye Lullaby.mp3, 0
01 - Calling my Twilight.mp3, 0
01 - CANDY MAGIC.mp3, 0
01 - Connect.mp3, 0
01 - crossing field.mp3, 0
01 - Cutie Panther.mp3, 0
01 - DARAKENA.mp3, 0
01 - daze.mp3, 0
01 - Dear answer.mp3, 0
01 - Densetsu no FLARE.mp3, 0
01 - Enigmatic Feeling.mp3, 0
01 - eternal reality.mp3, 0
01 - faith.mp3, 0
01 - Fight 4 Real.mp3, 0
01 - FLAT.mp3, 0
01 - FLYING FAFNIR.mp3, 0
01 - Fubuki.mp3, 0
01 - Fushichou no Flamme.mp3, 0
01 - future gazer.mp3, 0
01 - GENESIS.mp3, 0
01 - Gokuren Igalima.mp3, 0
01 - grilletto.mp3, 0
01 - Grow Slowly.mp3, 0
01 - Hana no Nisuisen.mp3, 0
01 - Hana wa Odore ya Iroha ni ho.mp3, 0
01 - Hana Yuki.mp3, 0
01 - heavenly blue.mp3, 0
01 - Hello, world!.mp3, 0
01 - Honey Come!!.mp3, 0
01 - Hoshi to Hana.mp3, 0
01 - Hoshikuzu no Interlude.mp3, 0
01 - ideal white.mp3, 0
01 - Ikenai Borderline.mp3, 0
01 - IN MY WORLD.mp3, 0
01 - INNOCENCE.mp3, 0
01 - Junketsu Paradox.mp3, 0
01 - Kanashimi wa Dare no Negai Demo nai.mp3, 0
01 - killy killy JOKER.mp3, 0
01 - Kimi ga Kureta KISEKI.mp3, 0
01 - Kindan no Resistance.mp3, 0
01 - Kisetsu wa Tsugitsugi Shindeiku.mp3, 0
01 - Kyouran Hey Kids!!.mp3, 0
01 - Kyuusei ?ργυρo?.mp3, 0
01 - Lapis Lazuli.mp3, 0
01 - Laterality.mp3, 0
01 - Let Me Hear.mp3, 0
01 - Liar Mask.mp3, 0
01 - Lunatic Tears....mp3, 0
01 - Meiya Kadenrou.mp3, 0
01 - MEMORIA.mp3, 0
01 - Mermaid festa vol.2 ～Passionate～.mp3, 0
01 - Miiro.mp3, 0
01 - MOON PRIDE.mp3, 0
01 - moving soul.mp3, 0
01 - Nanairo Symphony.mp3, 0
01 - Netsujou no Spectrum.mp3, 0
01 - Next Destination.mp3, 0
01 - Niji wo Ametara.mp3, 0
01 - Nirvana.mp3, 0
01 - oath sign.mp3, 0
01 - ONE OK ROCK - Remake.mp3, 0
01 - only my railgun.mp3, 0
01 - Oukyo Shul Shagana.mp3, 0
01 - Passionate.mp3, 0
01 - Philosophy of Dear World.mp3, 0
01 - Platform.mp3, 0
01 - Preserved Roses.mp3, 0
01 - PUNCH LINE!.mp3, 0
01 - Rakuen no Tsubasa.mp3, 0
01 - Rally Go Round.mp3, 0
01 - Ray of bullet.mp3, 0
01 - Rinrei.mp3, 0
01 - Rising Hope.mp3, 0
01 - RPG.mp3, 0
01 - Saitei de Saikou no Paradiso.mp3, 0
01 - Sayonara Usotsuki.mp3, 0
01 - See visionS.mp3, 0
01 - Seigi wo Shinjite, Nigiri Shimete.mp3, 0
01 - Senkin Daurdabla.mp3, 0
01 - Setsuna no Kajitsu.mp3, 0
01 - Seven Deadly Sins.mp3, 0
01 - Seven Doors.mp3, 0
01 - Shape My Story.mp3, 0
01 - Shikkoku wo Nuritsubuse.mp3, 0
01 - Shirushi.mp3, 0
01 - Skyreach.mp3, 0
01 - Sora no Uta.mp3, 0
01 - Spice.mp3, 0
01 - spiral.mp3, 0
01 - STRAIGHT JET.mp3, 0
01 - SUPER∞STREAM.mp3, 0
01 - Taiyou to Tsuki no CROSS.mp3, 0
01 - Tankyuu Dreaming.mp3, 0
01 - Tasogare no Starlight.mp3, 0
01 - The Glory Days.mp3, 0
01 - This game.mp3, 0
01 - Tokohana.mp3, 0
01 - UNDER SHAFT.mp3, 0
01 - unravel.mp3, 0
01 - Van!shment Th!s World.mp3, 0
01 - vanilla sky.mp3, 0
01 - world's end, girl's rondo.mp3, 0
01 Ai wo Utae.mp3, 0
01 Be with you.mp3, 0
01 Birth.mp3, 0
01 ENERGY.mp3, 0
01 great escape.mp3, 0
01 Hakushu Kassai Utaawase.mp3, 0
01 I'll be there.mp3, 0
01 Kokuhaku.mp3, 0
01 LEVEL5 -judgelight-.mp3, 0
01 light prayer.mp3, 0
01 Love your enemies.mp3, 0
01 MORE & MORE.mp3, 0
01 Mukaikaze.mp3, 0
01 Outside of Melancholy ?憂鬱の向こう側?.mp3, 0
01 OVERDRIVER.mp3, 0
01 Phenogram.mp3, 0
01 Romeo to Cinderella.mp3, 0
01 Skyclad no Kansokusha.mp3, 0
01 Snow Song Show.mp3, 0
01 Soushou Innocence.mp3, 0
01 starlog.mp3, 0
01 The Bravery.mp3, 0
01 the last day of my adolescence.mp3, 0
01 to the beginning.mp3, 0
01 Transfer.mp3, 0
01 Vivid Telepathy.mp3, 0
01 Wareta Ringo.mp3, 0
01 Watashi wa Omae no Naka ni Iru.mp3, 0
01 wimp ft.Lil’Fang (from FAKY).mp3, 0
01 Wired Life.mp3, 0
01 [nayuta] 死奏憐音、玲瓏ノ終.mp3, 0
01 →unfinished→.mp3, 0
01 アシタノヒカリ.mp3, 0
01 コノ葉隠レ.mp3, 0
01 最果てのコトバ.mp3, 0
01 百鬼夜行.mp3, 0
01-7th Trigger.mp3, 0
01-BABY BORN & GO.mp3, 0
01. AMAZING BREAK.mp3, 0
01. Angelic Angel.mp3, 0
01. Arcadia.mp3, 0
01. Bloomy Colors.mp3, 0
01. CANDY MAGIC.mp3, 0
01. Change [change the world mix].mp3, 0
01. Chase the world.mp3, 0
01. Children Record.mp3, 0
01. Dance!.mp3, 0
01. daze (Re Ver.).mp3, 0
01. daze.mp3, 0
01. FLAT.mp3, 0
01. glow in the darkness.mp3, 0
01. Honey Honey Honey.mp3, 0
01. Kamon.mp3, 0
01. Kazakiri.mp3, 0
01. keep your promise.mp3, 0
01. Kotoba no Iranai Yakusoku.mp3, 0
01. Last Inferno.mp3, 0
01. Luminize.mp3, 0
01. My Independent Destiny.mp3, 0
01. Never ever.mp3, 0
01. Ride On A Shooting Star.mp3, 0
01. Sirius.mp3, 0
01. Stella-rium.mp3, 0
01. Sweet Track.mp3, 0
01. Wings of Courage ?空を超えて?.mp3, 0
01. きみを探しに.mp3, 0
01. なないろサーカス.mp3, 0
01. アイのシナリオ.mp3, 0
01. オー！リバル.mp3, 0
01. ドラマチック.mp3, 0
01. ネコミミアーカイブ.mp3, 0
01. レプリカ.mp3, 0
01. 三千世界.mp3, 0
01. 千の翼.mp3, 0
01. 夜桜に君を隠して.mp3, 0
01. 天樂.mp3, 0
01. 女神の口づけを.mp3, 0
01. 幾千のテロリズムへ.mp3, 0
01. 曖昧ヘルツ.mp3, 0
01. 束縛アネモネーション.mp3, 0
01. 永遠フレンズ.mp3, 0
01. 漸う夢の如く.mp3, 0
01. 烈槍・ガングニール.mp3, 0
01. 相対性VISION.mp3, 0
01. 終焉の輝き.mp3, 0
01. 華蕾夢ミル狂詩曲~魂ノ導~.mp3, 0
01. 蒼穹の誓い feat.Starving Trancer.mp3, 0
01.The Beginning.mp3, 0
01.創聖のアクエリオン.mp3, 0
01.金平糖レトロチカ.mp3, 0
02 - Believe.mp3, 0
02 - continue.mp3, 0
02 - Fu re te Fu re ru.mp3, 0
02 - Goldrop.mp3, 0
02 - incomplete.mp3, 0
02 - Jiyuu no Tsubasa.mp3, 0
02 - Kuroki Fuusetsu no Majo.mp3, 0
02 - last fortune.mp3, 0
02 - No Limit.mp3, 0
02 - ONE OK ROCK - NO SCARED.mp3, 0
02 - Orange Cider.mp3, 0
02 - PRACTICE MODE.mp3, 0
02 - Rainbow Flower.mp3, 0
02 - Red Alert Carpet.mp3, 0
02 - Sai.mp3, 0
02 - Scanning resolution.mp3, 0
02 - SUPER STREAM (Char Solo Version).mp3, 0
02 - SUPER STREAM (Houki Version).mp3, 0
02 - SUPER STREAM (Laura Solo Version).mp3, 0
02 - SUPER STREAM (Sarashiki Tatenashi & Sarashiki Kanzashi ver.).mp3, 0
02 - SUPER STREAM (Yin Solo Version).mp3, 0
02 - TOGARE.mp3, 0
02 - tomorrow.mp3, 0
02 - Utsusemi Ultimate.mp3, 0
02 BEAUTIFUL SKY シャルソロVer..mp3, 0
02 Class--CIEL_N_PROTECTA;.mp3, 0
02 Fullmoon Rhapsody.mp3, 0
02 Shounen yo Ware ni Kaere.mp3, 0
02 Sign.mp3, 0
02 Yamiyo wa Otome wo Hana ni Suru.mp3, 0
02 こがれびと.mp3, 0
02 アイのシナリオ.mp3, 0
02 サリシノハラ.mp3, 0
02 感染経路.mp3, 0
02 Ｇｉｖｅ　ａ　ｒｅａｓｏｎ（「スレイヤーズＮＥＸＴ」ＯＰ）.mp3, 0
02. Akatsuki Zukuyo.mp3, 0
02. AURORA.mp3, 0
02. Bad Apple!! feat. nomico.mp3, 0
02. Burn Out the ENERGY.mp3, 0
02. Clover Day's.mp3, 0
02. Fate of the World.mp3, 0
02. Headphone Actor.mp3, 0
02. Join Forces.mp3, 0
02. Reincarnation.mp3, 0
02. unlimited destiny.mp3, 0
02. かくしごと.mp3, 0
02. ダヴィンチの告白.mp3, 0
02. ツキナミ.mp3, 0
02. ナナヒツジ.mp3, 0
02. ヘイセイカタクリズム.mp3, 0
02. 平衡SPECTRUM.mp3, 0
02. 沈黙のカナデ.mp3, 0
02. 百年夜行.mp3, 0
02. 約束のチカラ.mp3, 0
02.或る化け猫の恋物語_2.mp3, 0
02.葉月ゆら - 弐，宵闇花火.mp3, 0
03 - Ashita graffiti.mp3, 0
03 - FLOWER (Ryu☆Remix).mp3, 0
03 - Hurricane.mp3, 0
03 - Kimi no Shinwa ~Aquarion Dai Ni Shou~.mp3, 0
03 - Lost in the Abyss.mp3, 0
03 - Roll Ground.mp3, 0
03 - Shuumatsu no Love Song.mp3, 0
03 - オオエドランヴ.mp3, 0
03 aLIEz.mp3, 0
03 Class--EXPAJA;.mp3, 0
03 Killer Song.mp3, 0
03 Kleinchen.mp3, 0
03 Love for Sail.mp3, 0
03 [senya] 加速する恋は誰も止められない.mp3, 0
03 βios _MK+nZk Version_.mp3, 0
03 つぼみ.mp3, 0
03 衝突未来予想図 feat.灯油.mp3, 0
03. IMAGINARY LIKE THE JUSTICE.mp3, 0
03. Lost My Way.mp3, 0
03. Mami Mami Zone.mp3, 0
03. Realize Maze (Extended Mix).mp3, 0
03. ZERO.mp3, 0
03. ひねくれ少女.mp3, 0
03. ラムダ.mp3, 0
03. 光と幻影 (Xceon album ver.).mp3, 0
03. 千本桜.mp3, 0
03. 君と誰かの優しさに.mp3, 0
03. 四ツ谷さんによろし.mp3, 0
03. 暁の水平線に.mp3, 0
03. 深海少女.mp3, 0
03. 純情スペクトラ.mp3, 0
03. 雪月花.mp3, 0
03.贖罪ベラドンナ.mp3, 0
04 - drop pop candy.mp3, 0
04 - Hoshizora no Ima.mp3, 0
04 ALIVE.mp3, 0
04 ARiA.mp3, 0
04 Destiny.mp3, 0
04 Eden's song.mp3, 0
04 Egomama feat. marina -Album Mix-.mp3, 0
04 future nova-album edit-.mp3, 0
04 Hitorinbo Envy.mp3, 0
04. Yobanashi Deceive.mp3, 0
04. ちいさな独占欲.mp3, 0
04. サテライト.mp3, 0
04. ニヒル神楽.mp3, 0
04. 再教育.mp3, 0
04. 掬い.mp3, 0
04. 時の向こう 幻の空.mp3, 0
04. 月に叢雲華に風.mp3, 0
04. 狂気沈殿.mp3, 0
04. 蜃気楼.mp3, 0
04. 銀のフルーフ.mp3, 0
05 - Aimai Elegy feat. marina.mp3, 0
05 - My Dream , My Melody (For Platform).mp3, 0
05 - Once Upon a Love.mp3, 0
05 - Runway Drive.mp3, 0
05 - 廻ｬF.mp3, 0
05 Light Lag feat. Topi -Album Mix-.mp3, 0
05 Magica.mp3, 0
05 Muteki no Soldier.mp3, 0
05 空色デイズ.mp3, 0
05 飛花落葉.mp3, 0
05. Douiukotonano！？.mp3, 0
05. Forutune Rest.mp3, 0
05. Haru Uta.mp3, 0
05. 夜ノ花～凪～.mp3, 0
05. 狐ノ嫁入リ.mp3, 0
05. 飛龍の月.mp3, 0
05.Go Tight!.mp3, 0
05.White Garden.mp3, 0
05.ネコミミアーカイブ.mp3, 0
06 - Rock 'n Roll Nandesu no.mp3, 0
06 - 独りんぼエンヴィー.mp3, 0
06 appreciation [Another Infinity feat. Mayumi Morinaga].mp3, 0
06 evolution.mp3, 0
06 fortissimo -from insanity affection-.mp3, 0
06 Niflheim.mp3, 0
06 Romeo to Cinderella.mp3, 0
06. Mizu Kaho.mp3, 0
06. Prayer Blue [Eris's operation indigo blue mix].mp3, 0
06. Tengaku feat. Matsushita.mp3, 0
06. 揺れる恋は波の如く.mp3, 0
06. 聯袂のサーチライト(Rockin' DnB REMIX).mp3, 0
06. 雪華 -SEKKA-.mp3, 0
06. 黄昏のリベリオン.mp3, 0
06.STARS.mp3, 0
06ストリーミングハート - れをる.mp3, 0
07 - Echo.mp3, 0
07 - EXTRA MAGIC HOUR.mp3, 0
07 - 蒼の旋律.mp3, 0
07 Hypocrite Syndrome.mp3, 0
07 Sunadokei feat. Topi -Album Mix-.mp3, 0
07 コイサイテハナ＊ feat. mirto.mp3, 0
07. abnormalize.mp3, 0
07. Everflowering.mp3, 0
07. バレリーコ  影縫 英 .mp3, 0
07. ムシクイサイケデリズム.mp3, 0
07. 十六夜セツナ (Extended Mix).mp3, 0
07.Sen to Tsubasa.mp3, 0
07.エンヴィキャットウォーク.mp3, 0
08 - yonqif.mp3, 0
08 Shiwa.mp3, 0
08. brand-new blood.mp3, 0
08. Tachyon.mp3, 0
08. 幾千のテロリズムへ feat. まじ娘.mp3, 0
08. 罪と罰 (Extended Mix).mp3, 0
08.Kleinchen.mp3, 0
08.朧.mp3, 0
09 - Hoshi ga Matataku Konna Yoru ni.mp3, 0
09 - アシンメトリー.mp3, 0
09 - キミイロ花火.mp3, 0
09 - ヤクビョウガミ.mp3, 0
09 Believe.mp3, 0
09 [nayuta] 風導星歌、黎明ノ景.mp3, 0
09. Bad Apple!! feat.nomico(2014 Refix).mp3, 0
09. Nightmare Paradox feat. Aki Akane.mp3, 0
09. 自分REST@RT (M@STER VERSION) 響ソロ.mp3, 0
09. 革命の刃 feat.成田旬.mp3, 0
1 attack ON titan.mp3, 0
1 The Endless Love.mp3, 0
1 希望の唄.mp3, 0
1. Megu Megu Fire Endless Night.mp3, 0
1. Megu MegukFire Endless Night.mp3, 0
1. 有頂天.mp3, 0
10 - ギガンティックO.T.N -Big Death Edition-.mp3, 0
10 Alteration.mp3, 0
10 Jet Rocket.mp3, 0
10 Yoshiwara Lament.mp3, 0
10. world's end, girl's rondo.mp3, 0
11 - CLICK.mp3, 0
11. Shinkai Shoujo feat. Nobunaga.mp3, 0
11. ケッペキショウ.mp3, 0
11. 空想メソロギヰ.mp3, 0
12 - STEP.mp3, 0
12 Hikari.mp3, 0
12 Turii ～Panta Rhei～ トゥーリと星の民.mp3, 0
12. Fire Flower.mp3, 0
12. Saisei no Kanade feat. Ari.mp3, 0
12. チェリーハント（tWoluz edition）  影縫 英.mp3, 0
13 - COME BACK TO MY HEART (Ryu｡甁emix).mp3, 0
13 cat's dance.mp3, 0
14 - Can't Beat Airman _SOUND HOLIC Ver._ (feat. Hanatan).mp3, 0
14 Element of SPADA.mp3, 0
14. My Dearest.mp3, 0
15 Romeo to Cinderella.mp3, 0
15. Fly you to the star (Extended Mix).mp3, 0
16 - Sakura Reflection (Extended RRver.).mp3, 0
16. Clover Day's.mp3, 0
16. Follow Tomorrow (for future mix rearrange ver).mp3, 0
18 Caramel Sugar feat.Another Infinity.mp3, 0
2 Just Loving X-Edge.mp3, 0
26 World End.mp3, 0
409 Those Who Bear Their Name.mp3, 0
7. Lily Lily Burning Night.mp3, 0
7. Lily LilyjBurning Night.mp3, 0
7日目の決意.mp3, 0
Arcanos.mp3, 0
BALLOON-umeremix.ver-feat.梅里.mp3, 0
Brand New Voice (ED Full ver.).mp3, 0
Calamity Fortune.mp3, 0
Dee! feat. Nomiya Ayumi - Hito Ayumishi Unmei ni Yosete.mp3, 0
DJ_SEVEN_PnB_Refix-soundcloud-88854976.mp3, 0
End Time.mp3, 0
Kingdom Hearts - Simple And Clean (FULL English).mp3, 0
kunoichi demo koi ga shitai.mp3, 0
Let_Me_Hear.mp3, 0
M2U+-+Gypsy+Tronic+(Long+Ver.mp3, 0
Mangekyou.mp3, 0
M?retsu Uch? K?ky?kyoku Dai 7 Gakush? Mugen no Ai.mp3, 0
Platinum.mp3, 0
Reol (れをる〕 ロストワンの号哭 〔歌ってみた) (mp3searched.net).mp3, 0
Rurouni Kenshin OP1 - Sobakasu.mp3, 0
senya - DICE.mp3, 0
senya - 想いが歴史に変わる時.mp3, 0
senya - 選ばれし者.mp3, 0
This-Will-Be-the-Day.mp3, 0
UVERworld - Timeless - 04. D-tecnoLife.mp3, 0
ViViD - 【「夢」～ムゲンノカナタ～[通常盤]】 01.「夢」～ムゲンノカナタ～.mp3, 0
_M2U -EP-_ M2U - Masquerade (VIP).mp3, 0
カゲロウデイズ　歌ってみた【まじ娘】.mp3, 0
チルドレンレコード　歌ってみた 【まじ娘】.mp3, 0
テテ.mp3, 0
別世界.mp3, 0
夜咄ディセイブ 歌ってみた【まじ娘】.mp3, 0
涙の種、笑顔の花.mp3, 0
美樹さやか VS 美樹さやか - Squartatrice.mp3, 0
(01) [senya] 月に叢雲華に風.mp3, 0
(03) [Mayumi Morinaga] Caramel Sugar feat.Another Infinity.mp3, 0
(1)Vitalization.mp3, 0
01 - AIMAI-Hz.mp3, 0
01 - ambiguous.mp3, 0
01 - Angel Blossom.mp3, 0
01 - Asymmetry.mp3, 0
01 - black bullet.mp3, 0
01 - blue moment.mp3, 0
01 - Boku no Kotoba de wa Nai, Kore wa Bokutachi no Kotoba.mp3, 0
01 - brave heart -tri.Version-.mp3, 0
01 - Bravely You.mp3, 0
01 - Bull's Eye.mp3, 0
01 - Butter-Fly -tri.Version-.mp3, 0
01 - Butter-Fly.mp3, 0
01 - Calling my Twilight.mp3, 0
01 - CANDY MAGIC.mp3, 0
01 - Cobalt.mp3, 0
01 - Connect.mp3, 0
01 - daze.mp3, 0
01 - Dear answer.mp3, 0
01 - Delta Decision.mp3, 0
01 - Densetsu no FLARE.mp3, 0
01 - Elementario de Aimashou!.mp3, 0
01 - Fubuki.mp3, 0
01 - GENESIS.mp3, 0
01 - grilletto.mp3, 0
01 - Hana wa Odore ya Iroha ni ho.mp3, 0
01 - Hana Yuki.mp3, 0
01 - Hello, world!.mp3, 0
01 - Honey Come!!.mp3, 0
01 - Hoshi to Hana.mp3, 0
01 - Ikenai Borderline.mp3, 0
01 - ISOtone.mp3, 0
01 - Kuchizuke Diamond.mp3, 0
01 - Kyouran Hey Kids!!.mp3, 0
01 - L.L.L..mp3, 0
01 - Lapis Lazuli.mp3, 0
01 - Laterality.mp3, 0
01 - Le jour.mp3, 0
01 - Mermaid festa vol.2 ～Passionate～.mp3, 0
01 - Miiro.mp3, 0
01 - Mikazuki.mp3, 0
01 - moving soul.mp3, 0
01 - Nanairo Symphony.mp3, 0
01 - Niji wo Ametara.mp3, 0
01 - Nirvana.mp3, 0
01 - oath sign.mp3, 0
01 - One Light.mp3, 0
01 - only my railgun.mp3, 0
01 - Passionate.mp3, 0
01 - Philosophy of Dear World.mp3, 0
01 - Rally Go Round.mp3, 0
01 - Rinrei.mp3, 0
01 - RPG.mp3, 0
01 - Saikousoku Fall in Love.mp3, 0
01 - Saitei de Saikou no Paradiso.mp3, 0
01 - Senkin Daurdabla.mp3, 0
01 - Shirushi.mp3, 0
01 - Sora no Uta.mp3, 0
01 - Speed to Masatsu.mp3, 0
01 - Spice.mp3, 0
01 - Tankyuu Dreaming.mp3, 0
01 - Tasogare no Starlight.mp3, 0
01 - The Glory Days.mp3, 0
01 - This game.mp3, 0
01 - Tokohana.mp3, 0
01 - Tutti!.mp3, 0
01 - unravel.mp3, 0
01 - Van!shment Th!s World.mp3, 0
01 - Wonder Stella.mp3, 0
01 Be with you.mp3, 0
01 Birth.mp3, 0
01 great escape.mp3, 0
01 Hakushu Kassai Utaawase.mp3, 0
01 I'll be there.mp3, 0
01 LEVEL5 -judgelight-.mp3, 0
01 The Bravery.mp3, 0
01 Wareta Ringo.mp3, 0
01 もうじき夏が終わるから.mp3, 0
01 アシタノヒカリ.mp3, 0
01 灼熱のユートピア.mp3, 0
01 百鬼夜行.mp3, 0
01. AMAZING BREAK.mp3, 0
01. Angelic Angel.mp3, 0
01. ARiA.mp3, 0
01. FLAT.mp3, 0
01. Kamon.mp3, 0
01. Nagaku Mijikai Matsuri.mp3, 0
01. Ride On A Shooting Star.mp3, 0
01. UZU-TO-UZU.mp3, 0
01. なないろサーカス.mp3, 0
01. 永遠フレンズ.mp3, 0
01. 漸う夢の如く.mp3, 0
02 - Believe.mp3, 0
02 - tomorrow.mp3, 0
02 - Yuubae Present.mp3, 0
02 Class--CIEL_N_PROTECTA;.mp3, 0
02 キセキはじまり☆.mp3, 0
02 Ｇｉｖｅ　ａ　ｒｅａｓｏｎ（「スレイヤーズＮＥＸＴ」ＯＰ）.mp3, 0
02. Clover Day's.mp3, 0
02. Reincarnation.mp3, 0
02. かくしごと.mp3, 0
02. ナナヒツジ.mp3, 0
02.或る化け猫の恋物語_2.mp3, 0
03 つぼみ.mp3, 0
03. Realize Maze (Extended Mix).mp3, 0
03. w.t.s..mp3, 0
03. 君と誰かの優しさに.mp3, 0
03. 深海少女.mp3, 0
04. Yobanashi Deceive.mp3, 0
04. Yuukei Yesterday.mp3, 0
04. サテライト.mp3, 0
04. 狂気沈殿.mp3, 0
05 飛花落葉.mp3, 0
06 Romeo to Cinderella.mp3, 0
06 瞬間リアリティ.mp3, 0
07 - EXTRA MAGIC HOUR.mp3, 0
07 Hypocrite Syndrome.mp3, 0
07. バレリーコ  影縫 英 .mp3, 0
07. 十六夜セツナ (Extended Mix).mp3, 0
07.Sen to Tsubasa.mp3, 0
08. 幾千のテロリズムへ feat. まじ娘.mp3, 0
08. 罪と罰 (Extended Mix).mp3, 0
09 - Hoshi ga Matataku Konna Yoru ni.mp3, 0
09. Bad Apple!! feat.nomico(2014 Refix).mp3, 0
09. 自分REST@RT (M@STER VERSION) 響ソロ.mp3, 0
1 でんぱーりーナイト.mp3, 0
1. 有頂天.mp3, 0
11 - CLICK.mp3, 0
12 Hikari.mp3, 0
12. Fire Flower.mp3, 0
14 Element of SPADA.mp3, 0
16. Clover Day's.mp3, 0
2 Just Loving X-Edge.mp3, 0
5. vip-tenchou - Tengaku.mp3, 0
Platinum.mp3, 0
Reol (れをる〕 ロストワンの号哭 〔歌ってみた) (mp3searched.net).mp3, 0
カゲロウデイズ　歌ってみた【まじ娘】.mp3, 0
(01) [senya] 月に叢雲華に風.mp3, 0
(03) [Mayumi Morinaga] Caramel Sugar feat.Another Infinity.mp3, 0
01 - ambiguous.mp3, 0
01 - Asymmetry.mp3, 0
01 - Bravely You.mp3, 0
01 - Butter-Fly.mp3, 0
01 - grilletto.mp3, 0
01 - Ikenai Borderline.mp3, 0
01 - Kuchizuke Diamond.mp3, 0
01 - Kyouran Hey Kids!!.mp3, 0
01 - L.L.L..mp3, 0
01 - Nanairo Symphony.mp3, 0
01 - Niji wo Ametara.mp3, 0
01 - Nirvana.mp3, 0
01 - oath sign.mp3, 0
01 - only my railgun.mp3, 0
01 - Passionate.mp3, 0
01 - Rally Go Round.mp3, 0
01 - RPG.mp3, 0
01 - Saikousoku Fall in Love.mp3, 0
01 - Tutti!.mp3, 0
01 - unravel.mp3, 0
01 - Van!shment Th!s World.mp3, 0
01 Be with you.mp3, 0
01 great escape.mp3, 0
01 Hakushu Kassai Utaawase.mp3, 0
01 The Bravery.mp3, 0
01 もうじき夏が終わるから.mp3, 0
01. AMAZING BREAK.mp3, 0
01. ARiA.mp3, 0
01. Nagaku Mijikai Matsuri.mp3, 0
01. Ride On A Shooting Star.mp3, 0
01. なないろサーカス.mp3, 0
02 - Believe.mp3, 0
02 - Yuubae Present.mp3, 0
02 キセキはじまり☆.mp3, 0
02. Reincarnation.mp3, 0
02. かくしごと.mp3, 0
02. ナナヒツジ.mp3, 0
02.或る化け猫の恋物語_2.mp3, 0
03 つぼみ.mp3, 0
03. Realize Maze (Extended Mix).mp3, 0
03. w.t.s..mp3, 0
03. 深海少女.mp3, 0
05 飛花落葉.mp3, 0
06 Romeo to Cinderella.mp3, 0
06. 雪華 -SEKKA-.mp3, 0
07 Hypocrite Syndrome.mp3, 0
07. バレリーコ  影縫 英 .mp3, 0
07. 十六夜セツナ (Extended Mix).mp3, 0
07. 君と言ノ葉 (Xceon album ver.).mp3, 0
08. 罪と罰 (Extended Mix).mp3, 0
08.朧.mp3, 0
09. 自分REST@RT (M@STER VERSION) 響ソロ.mp3, 0
1 でんぱーりーナイト.mp3, 0
1. 有頂天.mp3, 0
14 Element of SPADA.mp3, 0
2 Just Loving X-Edge.mp3, 0
Platinum.mp3, 0
Reol (れをる〕 ロストワンの号哭 〔歌ってみた) (mp3searched.net).mp3, 0
カゲロウデイズ　歌ってみた【まじ娘】.mp3, 0
(03) [Mayumi Morinaga] Caramel Sugar feat.Another Infinity.mp3, 0
01 - ambiguous.mp3, 0
01 - Asymmetry.mp3, 0
01 - Bravely You.mp3, 0
01 - Ikenai Borderline.mp3, 0
01 - Kyouran Hey Kids!!.mp3, 0
01 - Niji wo Ametara.mp3, 0
01 - Nirvana.mp3, 0
01 - unravel.mp3, 0
01 Be with you.mp3, 0
01 great escape.mp3, 0
01 Hakushu Kassai Utaawase.mp3, 0
01. AMAZING BREAK.mp3, 0
01. なないろサーカス.mp3, 0
02. Reincarnation.mp3, 0
02. ナナヒツジ.mp3, 0
02.或る化け猫の恋物語_2.mp3, 0
06. 雪華 -SEKKA-.mp3, 0
07 Hypocrite Syndrome.mp3, 0
07. 君と言ノ葉 (Xceon album ver.).mp3, 0
08. 罪と罰 (Extended Mix).mp3, 0
08.朧.mp3, 0
09. 自分REST@RT (M@STER VERSION) 響ソロ.mp3, 0
カゲロウデイズ　歌ってみた【まじ娘】.mp3, 0
01 - Ano Mori de Matteru.mp3, 0
01 - Aoi Shiori.mp3, 0
01 - Believe x Believe.mp3, 0
01 - Clear Sky.mp3, 0
01 - Elementario de Aimashou!.mp3, 0
01 - HEADHUNT.mp3, 0
01 - Ienai Ienai.mp3, 0
01 - Kibou no Uta.mp3, 0
01 - Kirameki.mp3, 0
01 - Kuchizuke Diamond.mp3, 0
01 - My Truth ~Rondo Capriccioso~.mp3, 0
01 - Rashisa.mp3, 0
01 - Spice.mp3, 0
01 - Yoru no Kuni.mp3, 0
01 Brand New Day.mp3, 0
01 BRIGHTER DAY.mp3, 0
01 Lil' Infinity.mp3, 0
01 LOCUS.mp3, 0
01 Relax In The City.mp3, 0
01 sea-through communication.mp3, 0
01 ねがお.mp3, 0
01 センチメンタルラブ.mp3, 0
01 薄ら氷心中.mp3, 0
01. calling.mp3, 0
01. DESTINY.mp3, 0
01. Esse.mp3, 0
01. Fukai Mori.mp3, 0
01. Gravity.mp3, 0
01. Kimi no Tonari.mp3, 0
01. Kimi wo Matsu.mp3, 0
01. Nagaku Mijikai Matsuri.mp3, 0
01. Nanokame no Ketsui.mp3, 0
01. Rain or Shine.mp3, 0
01. STYX HELIX.mp3, 0
01. くちづけDiamond.mp3, 0
01. とある始まりの情景 ～Bookstore on the hill～.mp3, 0
01. ふたり少女.mp3, 0
01. ブルー.mp3, 0
01. 星屑の砂時計.mp3, 0
01. 蝶々結び.mp3, 0
01.mp3, 0
01.ページ～君と綴る物語～.mp3, 0
01.永遠のAstraea.mp3, 0
02 - 1.4.2.mp3, 0
02 - AM 4-00.mp3, 0
02 - Cosmos no You ni.mp3, 0
02 - Humming soon!.mp3, 0
02 - Sacchan no Sexy Curry.mp3, 0
02 - scaPEGoat.mp3, 0
02 Hanagonomi.mp3, 0
02 SOS.mp3, 0
02 yumeiro .mp3, 0
02 さみしいかみさま.mp3, 0
02 らしさ.mp3, 0
02. c.a.t..mp3, 0
02. end of refrain.mp3, 0
02. Ghost of a smile.mp3, 0
02. Kimi Ga Warae Ba #U301cJust like happiness#U301c.mp3, 0
02. Pieces.mp3, 0
03 - a cup of happiness.mp3, 0
03 - Beautiful World.mp3, 0
03 - Find Out.mp3, 0
03 - Message.mp3, 0
03 ゆめみてたのあたし.mp3, 0
03 ビター・スウィート・ベター.mp3, 0
03 弱虫モンブラン-カラスヤサボウ ver.-.mp3, 0
03 星に雲に揺れる木々に.mp3, 0
03. Asane Bou.mp3, 0
03. w.t.s..mp3, 0
03. ここから、かなたから～bambi-no cover～.mp3, 0
03. ななひら - 君の声は.mp3, 0
03. キミミクリ.mp3, 0
03. 坂道のメロディ.mp3, 0
04 Sarishinohara.mp3, 0
04 心做し.mp3, 0
04. +ユニバース (ミュース ソロver.).mp3, 0
04. ホシドケイ.mp3, 0
04. リトルランプライト.mp3, 0
04. 大好きだった.mp3, 0
05 - Sleepflower.mp3, 0
05 - Trace.mp3, 0
05 - トラベリングムード.mp3, 0
05 Flying soda.mp3, 0
05 Sasabune.mp3, 0
05 さよならミッドナイト.mp3, 0
05.  虹色蝶々.mp3, 0
05. signal.mp3, 0
05. Silent Story.mp3, 0
05. Snow Crystal.mp3, 0
05. ピカピカなのん.mp3, 0
05. 冬がくれた予感.mp3, 0
05. 徒然モノクローム.mp3, 0
05. 硝子の瞳.mp3, 0
06 - Sweet Track.mp3, 0
06 - 線路で歩こう.mp3, 0
06 グロウフライ.mp3, 0
07 - Feel The Flow.mp3, 0
07 - Innocence.mp3, 0
07 - LOVE & ROLL.mp3, 0
08 - Feel so good.mp3, 0
08 Ar-ciel Ar-manaf.mp3, 0
08 Tabi no Owari.mp3, 0
08. グッバイ・アイザック.mp3, 0
08. スキキライ.mp3, 0
08.Kleinchen.mp3, 0
09 - Yowamushi Mont Blanc feat. marina.mp3, 0
09 Tachyon.mp3, 0
09 We say hello.mp3, 0
09 卒業メモリーズ～サヨナラ、あなた。.mp3, 0
09 星のうつわ(album ver.).mp3, 0
09 響音-kotone- feat.Another Infinity.mp3, 0
09. Starry Night Flight.mp3, 0
09.Toshimasa.mp3, 0
10 - Aqua Terrarium.mp3, 0
10 - One More Time.mp3, 0
10 Tawagoto Speaker.mp3, 0
10. Kakurenbo Syndrome feat. Ari.mp3, 0
11 - Ai Kotoba (sasakure.UK Sweets Remix) feat. mirto.mp3, 0
12 - CLONE.mp3, 0
12 - Rainy veil.mp3, 0
12. Two Fates.mp3, 0
12. たからもの.mp3, 0
12. サイレント・マジョリティ.mp3, 0
13 - And Other.mp3, 0
13 - Esse.mp3, 0
13 - 植物園.mp3, 0
13 SAKURA Drops.mp3, 0
14 Dear.mp3, 0
14 夜明けと蛍.mp3, 0
15 幻じゃない世界.mp3, 0
15 花と水飴、最終電車.mp3, 0
17 羊水の記憶.mp3, 0
2 サンダル焼けと熱帯夜.mp3, 0
3. 雨降りしき.mp3, 0
Ashita Kuru Hi ~ Sakura Saku Koro .mp3, 0
Ashita Kuru Hi ~ Yuki no Furu Machi de.mp3, 0
Ashita Kuru Hi.mp3, 0
Hold Your Hand.mp3, 0
ice  【やなぎなぎ × whoo × eau.】.mp3, 0
senya - マウストゥーマウス.mp3, 0
Shiki No Uta (Audiodoctor Hip Hop Remix).mp3, 0
Shiroitomoshibi (feat. Hatsune Miku).mp3, 0
柊.mp3, 0
(01) [senya] 月に叢雲華に風.mp3, 0
(02)Trouble Busters.mp3, 0
(03) [Mayumi Morinaga] Caramel Sugar feat.Another Infinity.mp3, 0
(07)  My Admiral.mp3, 0
(1)Vitalization.mp3, 0
01 - -LEGNE- Adanasu Tsurugi Hikari no Shirabe.mp3, 0
01 - Across the line.mp3, 0
01 - Ai no Scenario.mp3, 0
01 - ambiguous.mp3, 0
01 - Anata no Aishita Sekai.mp3, 0
01 - Angel Blossom.mp3, 0
01 - Be mine!.mp3, 0
01 - BEAUTIFUL SKY.mp3, 0
01 - black bullet.mp3, 0
01 - BLAZING.mp3, 0
01 - blue moment.mp3, 0
01 - Boku no Kotoba de wa Nai, Kore wa Bokutachi no Kotoba.mp3, 0
01 - Burst The Gravity.mp3, 0
01 - Bye-Bye Lullaby.mp3, 0
01 - CANDY MAGIC.mp3, 0
01 - Connect.mp3, 0
01 - crossing field.mp3, 0
01 - Cutie Panther.mp3, 0
01 - daze.mp3, 0
01 - Densetsu no FLARE.mp3, 0
01 - Elementario de Aimashou!.mp3, 0
01 - Enigmatic Feeling.mp3, 0
01 - eternal reality.mp3, 0
01 - FLYING FAFNIR.mp3, 0
01 - Fubuki.mp3, 0
01 - Fure Fure Mirai.mp3, 0
01 - GENESIS.mp3, 0
01 - grilletto.mp3, 0
01 - Hana Yuki.mp3, 0
01 - Hello, world!.mp3, 0
01 - Hikaru Nara.mp3, 0
01 - Hoshi to Hana.mp3, 0
01 - Hoshikuzu no Interlude.mp3, 0
01 - ideal white.mp3, 0
01 - Kibou no Uta.mp3, 0
01 - Kimi ga Kureta KISEKI.mp3, 0
01 - Kindan no Resistance.mp3, 0
01 - Kisetsu wa Tsugitsugi Shindeiku.mp3, 0
01 - Kuchizuke Diamond.mp3, 0
01 - Kyuusei ?ργυρo?.mp3, 0
01 - Lapis Lazuli.mp3, 0
01 - Laterality.mp3, 0
01 - Le jour.mp3, 0
01 - May I Help You.mp3, 0
01 - Meiya Kadenrou.mp3, 0
01 - MEMORIA.mp3, 0
01 - Mermaid festa vol.2 ～Passionate～.mp3, 0
01 - Miiro.mp3, 0
01 - moving soul.mp3, 0
01 - Next Destination.mp3, 0
01 - Nirvana.mp3, 0
01 - oath sign.mp3, 0
01 - only my railgun.mp3, 0
01 - Oto no Naru Hou e.mp3, 0
01 - Passionate.mp3, 0
01 - Philosophy of Dear World.mp3, 0
01 - Platform.mp3, 0
01 - Prism Sympathy.mp3, 0
01 - PUNCH LINE!.mp3, 0
01 - Rally Go Round.mp3, 0
01 - Ray of bullet.mp3, 0
01 - Rinrei.mp3, 0
01 - RPG.mp3, 0
01 - S.t.a.r.S.mp3, 0
01 - Saitei de Saikou no Paradiso.mp3, 0
01 - Sayonara Usotsuki.mp3, 0
01 - Setsuna no Kajitsu.mp3, 0
01 - Seven Deadly Sins.mp3, 0
01 - Seven Doors.mp3, 0
01 - Shirushi.mp3, 0
01 - Sora no Uta.mp3, 0
01 - Spice.mp3, 0
01 - Star!!.mp3, 0
01 - Tankyuu Dreaming.mp3, 0
01 - Tasogare no Starlight.mp3, 0
01 - TERRITORY.mp3, 0
01 - The Glory Days.mp3, 0
01 - This game.mp3, 0
01 - Tokohana.mp3, 0
01 - TREASURE BOX.mp3, 0
01 - Tutti!.mp3, 0
01 - UNDER SHAFT.mp3, 0
01 - Univer Page.mp3, 0
01 - unravel.mp3, 0
01 - Van!shment Th!s World.mp3, 0
01 - vanilla sky.mp3, 0
01 - world's end, girl's rondo.mp3, 0
01 - Yukitoki.mp3, 0
01 Ai wo Utae.mp3, 0
01 Aoku Yureteiru.mp3, 0
01 Be My Friend.mp3, 0
01 Birth.mp3, 0
01 great escape.mp3, 0
01 Hakushu Kassai Utaawase.mp3, 0
01 Happy Girl.mp3, 0
01 I'll be there.mp3, 0
01 Kanojo ga Flag wo Tateru Wake.mp3, 0
01 Kokuhaku.mp3, 0
01 LEVEL5 -judgelight-.mp3, 0
01 light prayer.mp3, 0
01 Mukaikaze.mp3, 0
01 Outside of Melancholy ?憂鬱の向こう側?.mp3, 0
01 sea-through communication.mp3, 0
01 Snow Song Show.mp3, 0
01 starlog.mp3, 0
01 The Bravery.mp3, 0
01 Vivid Telepathy.mp3, 0
01 Wareta Ringo.mp3, 0
01 wimp ft.Lil’Fang (from FAKY).mp3, 0
01 [nayuta] 死奏憐音、玲瓏ノ終.mp3, 0
01 おつかれサマー!.mp3, 0
01 アシタノヒカリ.mp3, 0
01 センチメンタルラブ.mp3, 0
01 七色シンフォニー.mp3, 0
01. AMAZING BREAK.mp3, 0
01. Angelic Angel.mp3, 0
01. Bloomy Colors.mp3, 0
01. CANDY MAGIC.mp3, 0
01. Children Record.mp3, 0
01. Dance!.mp3, 0
01. daze.mp3, 0
01. Honey Honey Honey.mp3, 0
01. Kotoba no Iranai Yakusoku.mp3, 0
01. Ride On A Shooting Star.mp3, 0
01. Sirius.mp3, 0
01. Stella-rium.mp3, 0
01. Sweet Track.mp3, 0
01. いつかの、いくつかのきみとのせかい.mp3, 0
01. なないろサーカス.mp3, 0
01. わんだふるワールド.mp3, 0
01. オー！リバル.mp3, 0
01. ドラマチック.mp3, 0
01. ラブミーギミー.mp3, 0
01. レプリカ.mp3, 0
01. 夜桜に君を隠して.mp3, 0
01. 女神の口づけを.mp3, 0
01. 幾千のテロリズムへ.mp3, 0
01. 曖昧ヘルツ.mp3, 0
01. 毎日コハルビヨリ.mp3, 0
01. 漸う夢の如く.mp3, 0
01. 相対性VISION.mp3, 0
01. 蒼穹の誓い feat.Starving Trancer.mp3, 0
01.mp3, 0
01.創聖のアクエリオン.mp3, 0
02 - Goldrop.mp3, 0
02 - Hanagonomi.mp3, 0
02 - incomplete.mp3, 0
02 - Kesalan Patharan.mp3, 0
02 - Koi no Shirushi from Elsie.mp3, 0
02 - Make Up!.mp3, 0
02 - Platinum Jet.mp3, 0
02 - Subarashiki FUN!TASY.mp3, 0
02 - Teitoku to no Kizuna.mp3, 0
02 - Yuubae Present -LOVE LAIKA Remix-.mp3, 0
02 - Yuubae Present -Rosenburg Engel Remix-.mp3, 0
02 - Yuubae Present.mp3, 0
02 Class--CIEL_N_PROTECTA;.mp3, 0
02 Hanagonomi.mp3, 0
02 motto☆派手にね！.mp3, 0
02 tiny lamp.mp3, 0
02 キセキはじまり☆.mp3, 0
02 Ｇｉｖｅ　ａ　ｒｅａｓｏｎ（「スレイヤーズＮＥＸＴ」ＯＰ）.mp3, 0
02.  花ハ踊レヤいろはにほ ハナver.mp3, 0
02. Clover Day's.mp3, 0
02. end of refrain.mp3, 0
02. Headphone Actor.mp3, 0
02. Kisaragi Attention.mp3, 0
02. かくしごと.mp3, 0
02. 沈黙のカナデ.mp3, 0
02.或る化け猫の恋物語_2.mp3, 0
03 - Beautiful World.mp3, 0
03 - Roll Ground.mp3, 0
03 - オオエドランヴ.mp3, 0
03 READY!! (M@STER VERSION).mp3, 0
03 つぼみ.mp3, 0
03. Realize Maze (Extended Mix).mp3, 0
03. w.t.s..mp3, 0
03. ここから、かなたから～bambi-no cover～.mp3, 0
03. 君と誰かの優しさに.mp3, 0
03. 坂道のメロディ.mp3, 0
03. 深海少女.mp3, 0
04 - drop pop candy.mp3, 0
04 Jibun REST@RT (M@STER VERSION).mp3, 0
04 Sarishinohara.mp3, 0
04. Yobanashi Deceive.mp3, 0
04. Yuukei Yesterday.mp3, 0
04. サテライト.mp3, 0
04. ニヒル神楽.mp3, 0
04. 月に叢雲華に風.mp3, 0
04. 狂気沈殿.mp3, 0
05 飛花落葉.mp3, 0
05. Renai Circulation.mp3, 0
05. Silent Story.mp3, 0
06 Romeo to Cinderella.mp3, 0
06 瞬間リアリティ.mp3, 0
06. 幸せのありか.mp3, 0
07 - EXTRA MAGIC HOUR.mp3, 0
07 - Feel The Flow.mp3, 0
07 - 蒼の旋律.mp3, 0
07 Hypocrite Syndrome.mp3, 0
07 コイイロノユメ.mp3, 0
07 コイサイテハナ＊ feat. mirto.mp3, 0
07. abnormalize.mp3, 0
07. Everflowering.mp3, 0
07. バレリーコ  影縫 英 .mp3, 0
07. 十六夜セツナ (Extended Mix).mp3, 0
07.エンヴィキャットウォーク.mp3, 0
08 - yonqif.mp3, 0
08 Tabi no Owari.mp3, 0
08. 罪と罰 (Extended Mix).mp3, 0
08.Kleinchen.mp3, 0
09 - Hoshi ga Matataku Konna Yoru ni.mp3, 0
09 Tachyon.mp3, 0
09 We say hello.mp3, 0
09 星のうつわ(album ver.).mp3, 0
09 響音-kotone- feat.Another Infinity.mp3, 0
09. Bad Apple!! feat.nomico(2014 Refix).mp3, 0
09. 革命の刃 feat.成田旬.mp3, 0
1 でんぱーりーナイト.mp3, 0
1 希望の唄.mp3, 0
1. 有頂天.mp3, 0
10 - Aqua Terrarium.mp3, 0
10. いーあるふぁんくらぶ.mp3, 0
11 - Ai Kotoba (sasakure.UK Sweets Remix) feat. mirto.mp3, 0
11 - CLICK.mp3, 0
11. Miracle∞Hinacle.mp3, 0
12 - Rainy veil.mp3, 0
12 - STEP.mp3, 0
12 Hikari.mp3, 0
12. Fire Flower.mp3, 0
12. チェリーハント（tWoluz edition）  影縫 英.mp3, 0
13 - Esse.mp3, 0
13 SAKURA Drops.mp3, 0
13. contrail tail.mp3, 0
14 Element of SPADA.mp3, 0
14. My Dearest.mp3, 0
17 羊水の記憶.mp3, 0
BALLOON-umeremix.ver-feat.梅里.mp3, 0
End Time.mp3, 0
kunoichi demo koi ga shitai.mp3, 0
Platinum Disco.mp3, 0
Platinum.mp3, 0
Rurouni Kenshin OP1 - Sobakasu.mp3, 0
senya - 想いが歴史に変わる時.mp3, 0
Shiki No Uta (Audiodoctor Hip Hop Remix).mp3, 0
カゲロウデイズ　歌ってみた【まじ娘】.mp3, 0
チルドレンレコード　歌ってみた 【まじ娘】.mp3, 0
夜咄ディセイブ 歌ってみた【まじ娘】.mp3, 0
涙の種、笑顔の花.mp3, 0
01 - Dou Kangaetemo Watashi wa Warukunai.mp3, 0
01 - Koi wa Chaos no Shimobe Nari.mp3, 0
01 - Maware! Setsugetsuka.mp3, 0
01 - SHaVaDaVa in AMAZING (Duet).mp3, 0
01 - Suki Nandamon!.mp3, 0
01 Christmas_ Nanisore_ Oishino_.mp3, 0
01 Itoko.mp3, 0
01. Club Ibuki in Break All.mp3, 0
01. スーパーウルトラハイパーミラクルロマンチック.mp3, 0
01. メイドやめますか？人間やめますか？.mp3, 0
01. 魔理沙は大変なものを盗んでいきました.mp3, 0
02 - Kyun! Vampire Girl (M@STER VERSION).mp3, 0
02 - Yume Miru Sunrise.mp3, 0
02. \R\￢\o\A\￡\A\￣O.T.N (\O\ec`\A\aVer.).mp3, 0
02. いつもおおきにまいどあり☆ほんでいつもホンマにありがとさん！！.mp3, 0
02. アニマルらんど.mp3, 0
02. 超人ひじりのエアマッソー.mp3, 0
03 - Riamitte Konna Mon Dakke feat. Disukun Seizin.mp3, 0
03. めうめうぺったんたん！！.mp3, 0
03. ロマンチック早苗ラブ.mp3, 0
03. 究極焼肉レストラン！お燐の地獄亭！.mp3, 0
04. ぶっこめ！幽香さん！ ～あの頃のウチはヤバかった～.mp3, 0
04. もの凄い勢いでけーねがもの凄いうた.mp3, 0
05. こんなにかわいいスカーレッツが私のお嬢様なはずがない.mp3, 0
06. すりーぷ!.mp3, 0
06. はたてのバッコイ殺人事件.mp3, 0
06. ウサテイ.mp3, 0
06. 勇者わんわん.mp3, 0
07. エンドレス・てゐマパーク.mp3, 0
07. ニワカ三年オタ八年、インターネッツはforever (長文スマソLong ver.).mp3, 0
08. Ghostly Parapara Ship (Hardcore Edit).mp3, 0
08. お空のニュークリアフュージョン道場.mp3, 0
08. ハートフルネコロマンサー.mp3, 0
09. お嫁にしなさいっ！.mp3, 0
09. 鳴呼、素晴らしきニャン生.mp3, 0
1 アニメを語レ!～アニメガタリ同好会のテーマ～.mp3, 0
1.01.なるまるまーる-花守ゆみり.mp3, 0
10 超！！遠距離らぶ　メ～ル ［かめりあ's 乙女Techdance X 火星Techsamba Remix.mp3, 0
10. アリス→デレ.mp3, 0
10. チャンティック三妖精のイタズラ大戦争.mp3, 0
11. みのりんふぁんたじあ.mp3, 0
12. ⑨destiny ～ ずっとチルノのターン.mp3, 0
12. つるぺったん.mp3, 0
12. ひれ伏せ愚民どもっ！.mp3, 0
12. 恋の氷結おてんば湯けむりチルノ温泉.mp3, 0
13. ジンゴー！ジンゴー！.mp3, 0
13. チルノのパーフェクトさんすう教室.mp3, 0
2 ヤサイマシ☆ニンニクアブラオオメ ［大豚Wver.］.mp3, 0
4つのおっぱいの戦い.mp3, 0
8 うにゃうにゃ_ぱっぱ.mp3, 0
[07] Kyun Kyun Tamaran Inaba-tan..mp3, 0
ミコミコテンセイ.mp3, 0
(01)  緋ノ糸輪廻ノgemini.mp3, 0
(01)冬がくれた予感.mp3, 0
(02) [笹目ヤヤ（奥野 香耶）] 花ハ踊レヤいろはにほ ヤヤver.mp3, 0
(15) [黒羽寧子(CV 種田梨沙)] いちばん星 -寧子solo ver.-.mp3, 0
01 - +Universe.mp3, 0
01 - E wo Sagasu Nichijou.mp3, 0
01 - Hajimari iro Splash.mp3, 0
01 - Jouzetsu Scandalous.mp3, 0
01 - Kohaku Shoku Candy.mp3, 0
01 - Le jour.mp3, 0
01 - Otohime Heart de Love Kyuuden.mp3, 0
01 - ring your bell.mp3, 0
01 - Shoujo Koukyoukyoku.mp3, 0
01 - Smile.mp3, 0
01 もうじき夏が終わるから.mp3, 0
01 愛唄~since 2007~.mp3, 0
01. Enjoy!!.mp3, 0
01. RESONATING VOICE.mp3, 0
01. シャイン.mp3, 0
01. 合言葉はミラクル！.mp3, 0
01. 桃色ファンタジー.mp3, 0
01. 花花×メクルメク.mp3, 0
01. 読まぬ空気のカラザンヨウ！.mp3, 0
01.mp3, 0
02 - Ashita Mata Aeru yo ne [Vo. Satou Satomi].mp3, 0
02 - Hoshi no Kakera.mp3, 0
02 - Mermaid girl (Extended RRver.).mp3, 0
02 - re;birth.mp3, 0
02 - Secret Sky.mp3, 0
02 - Teitoku to no Kizuna.mp3, 0
02 - Yorokobi Synchronicity (Hana ver.).mp3, 0
02 - Yuudachi no Kakera.mp3, 0
02.  花ハ踊レヤいろはにほ ハナver.mp3, 0
02. BEAUTIFUL SKY (楯無ソロVer.).mp3, 0
02. BEAUTIFUL SKY (箒ソロVer.).mp3, 0
02. ずっと一緒に.mp3, 0
02. 花ハ踊レヤいろはにほ なるver.mp3, 0
03 - Gentou.mp3, 0
03 - Marginal Wonderland.mp3, 0
04 - broKen NIGHT.mp3, 0
04 - ndwhw.mp3, 0
04 - TriCKaRt HeARt.mp3, 0
04 - 初恋の絵本.mp3, 0
04. アマツキツネ.mp3, 0
05 - Brilliant Heroes!.mp3, 0
05.  虹色蝶々.mp3, 0
05. 華鳥風月.mp3, 0
06 Dreaming Leaf -Yumemiru Kotonoha-.mp3, 0
06 [senya] Opposite World.mp3, 0
06 詠奏妖華～明鏡止水～.mp3, 0
06. 幸せのありか.mp3, 0
08 Tsuki no Youkai.mp3, 0
08. Tasogare.mp3, 0
09 Kokoro.mp3, 0
09. Kanojo ga Flag wo Tateru Wake [Kikuno TV Size].mp3, 0
09. 彼女がフラグを立てる理由 [恵 TV Size].mp3, 0
09. 彼女がフラグを立てる理由 [茜 TV Size].mp3, 0
10 Niwaka Ame　.mp3, 0
10. Kanojo ga Flag wo Tateru Wake [Rin TV Size].mp3, 0
10. 彼女がフラグを立てる理由 [菜波TV Size].mp3, 0
11 Hana no Youni　.mp3, 0
12 - 世界は恋に落ちている -acoustic version-.mp3, 0
12. Behind The Night.mp3, 0
12. Koizakura.mp3, 0
16. 染.mp3, 0
2 BEAUTIFUL SKY ラウラソロVer..mp3, 0
2 BEAUTIFUL SKY 簪ソロVer..mp3, 0
2 BEAUTIFUL SKY 鈴ソロVer..mp3, 0
Brand New Voice (ED Full ver.).mp3, 0
蒼き月満ちて.mp3, 0
言葉繋ぎ (OP Full ver.) .mp3, 0
01. ネコミミアーカイブ.mp3, 0
02. ダヴィンチの告白.mp3, 0
03. ウミユリの海底譚.mp3, 0
04. 銀のフルーフ.mp3, 0
05. スリープ・スカイ・ウォーク.mp3, 0
06. ZIGG-ZAGG.mp3, 0
07. shake it.mp3, 0
08. スキキライ.mp3, 0
09. 鳴呼、素晴らしきニャン生.mp3, 0
10. 一心不乱.mp3, 0
11. ケッペキショウ.mp3, 0
12. 脳内革命ガール.mp3, 0
13. 虎視眈々.mp3, 0
(01)  My Soul, Your Beats! -Piano Arrange Ver.-.mp3, 0
(02) Girls Hop -Piano Arrange Ver.-.mp3, 0
(03) Evening Breeze -Piano Arrange Ver.-.mp3, 0
(04)  Theme Of Sss -Piano Arrange Ver.-.mp3, 0
(05)  Memory -Piano Arrange Ver.-.mp3, 0
(06)  'Burial' As Barcarolle.mp3, 0
(07) いちばんのたからもの.mp3, 0
(08) Brave Song -Piano Arrange Ver.-.mp3, 0
01 - My Soul, Your Beats! -Piano Arrange Ver.-.mp3, 0
01 蘭.mp3, 0
02 - girl's hop -Piano Arrange Ver.-.mp3, 0
02 Day's Undoing.mp3, 0
03 - evening breeze -Piano Arrange Ver.-.mp3, 0
03 Higurashi.mp3, 0
04 - theme of SSS -Piano Arrange Ver.-.mp3, 0
04 Nobodyknows Eden.mp3, 0
04. Life.mp3, 0
05 - BELOVED.mp3, 0
05 - memory -Piano Arrange Ver.-.mp3, 0
05 Quimi.mp3, 0
06 - 'burial' as Barcarolle (burial Yori).mp3, 0
06 Brave.mp3, 0
07 - Ichiban no Takaramono (Ichiban no Takaramono Yori).mp3, 0
07 Pure Emotion.mp3, 0
08 - Brave Song -Piano Arrange Ver.-.mp3, 0
08 City Cycle.mp3, 0
09 Irreversibly.mp3, 0
10 always from you.mp3, 0
11 Brise Voyage.mp3, 0
12 Blizzard.mp3, 0
12. 千年ノ理.mp3, 0
13 Cloud9.mp3, 0
14 Laska II.mp3, 0
15 ピアノ狂詩曲「ソラリス」.mp3, 0
16 97鍵盤のための輪舞曲.mp3, 0
17 Innocent.mp3, 0
ANiMAtion.mp3, 0
Anotherdance (LastDance-Feryquitous Remix).mp3, 0
Dst[ick]orv.mp3, 0
01 Littlebird Angel.mp3, 0
02 Brionac.mp3, 0
03 Meligh'.mp3, 0
04 Eunomia.mp3, 0
05 sweet berry.mp3, 0
06 COSMOS(Extended).mp3, 0
07 Decisive Factor.mp3, 0
08 Inaudible Love.mp3, 0
09 infini.mp3, 0
10 sPrettual.mp3, 0
11 Southern Cross -Long Version 2015-.mp3, 0
12 phantasia.mp3, 0
Banshi - Ne-nuit - 03 Paroles.mp3, 0
Banshi - Ne-nuit - 04 Kotonoha.mp3, 0
Banshi - Ne-nuit - 07 Skip!!.mp3, 0
Banshi,TEA - Ne-nuit - 06 sparkling illumination.mp3, 0
ginkiha - Ne-nuit - 01 nightfall.mp3, 0
ginkiha - Ne-nuit - 10 nightfall (full ver).mp3, 0
ginkiha,TEA - Ne-nuit - 05 Neon tetra.mp3, 0
Ice - Ne-nuit - 09 Parodia Sonatina.mp3, 0
sound piercer - Ne-nuit - 02 雲の絃を紡ぎながら.mp3, 0
Xe - Ne-nuit - 08 Argentum Aeternitas ?銀白の月無夜?.mp3, 0
Adularia.mp3, 0
Devilz Sacrifice -贖罪の羊- (long ver.).mp3, 0
Elektrick U-Phoria(Extended Mix).mp3, 0
Hollywood Galaxy(DJ NAGAI Remix).mp3, 0
Lisa-RICCIA(DJ Genki Remix).mp3, 0
Miracle 5ympho X(Extended Mix).mp3, 0
Mother Ship (Camellia's ''KABOOOOOOOM!!'' Remix).mp3, 0
Phoenix (Extended).mp3, 0
Re-Play.mp3, 0
THE DEEP STRIKER (DJ Myosuke Remix).mp3, 0
THE DETONATOR (RoughSketch BPM200 Remix).mp3, 0
The Sky of Sadness -vastitude remix-.mp3, 0
We're so Happy (PxLight Remix).mp3, 0
華恋月.mp3, 0
01-Decretum.mp3, 0
02-Agmen clientum.mp3, 0
03-Venari strigas.mp3, 0
04-Signum malum.mp3, 0
05-Amicae carae meae.mp3, 0
06-Incertus.mp3, 0
07-Invitabilis.mp3, 0
08-Serena ira.mp3, 0
09-Anima mala.mp3, 0
10-Pugna infinita.mp3, 0
11-Vocalise Op.34 no.14.mp3, 0
12-Ave Maria.mp3, 0
01 Numquam vincar.mp3, 0
02 Quamobrem_.mp3, 0
03 Cor destructum.mp3, 0
04 Surgam identidem.mp3, 0
05 Confessio.mp3, 0
06 Sagitta luminis.mp3, 0
07 Nux Walpurgis.mp3, 0
08 Cubilulum album.mp3, 0
09 Taenia memoriae.mp3, 0
10 La Fille aux Cheveux de Lin.mp3, 0
11 Symposium magarum.mp3, 0
12 Pergo pugnare.mp3, 0
13 Connect -Game Instrumental-.mp3, 0
01-encounter.mp3, 0
02-warning #1.mp3, 0
03-warning #2.mp3, 0
04-odd world #1.mp3, 0
05-odd world #2.mp3, 0
06-no more fear.mp3, 0
07-wo ist die Kase.mp3, 0
08-short action.mp3, 0
09-fateful #1.mp3, 0
10-something unusual.mp3, 0
11-crises happening.mp3, 0
12-witch world #1.mp3, 0
13-odd world #3.mp3, 0
14-wicked.mp3, 0
15-a human bullet.mp3, 0
16-mother and daughter.mp3, 0
17-touch-and-go.mp3, 0
18-fateful #2.mp3, 0
19-she has a past.mp3, 0
20-she has a heart.mp3, 0
21-complicated mind.mp3, 0
22-wounded feeling.mp3, 0
23-witch world #2.mp3, 0
24-collapse.mp3, 0
25-fateful #3.mp3, 0
26-deep in grief.mp3, 0
27-threatening.mp3, 0
28-she is a witch.mp3, 0
29-fateful #4.mp3, 0
30-facing the truth #1.mp3, 0
31-I'll be with you.mp3, 0
32-I miss you.mp3, 0
33-time-manipulation.mp3, 0
34-facing the truth #2.mp3, 0
35-her wings.mp3, 0
36-rebirth.mp3, 0
37-for the next episode.mp3, 0
01-once we were.mp3, 0
02-nightmare ballet.mp3, 0
03-Mada dame yo [Not Yet].mp3, 0
04-nice to meet you.mp3, 0
05-nothing special, but so special.mp3, 0
06-nightmare!!.mp3, 0
07-Holly Quintet [Holy Quintet].mp3, 0
08-one for all.mp3, 0
09-he is....mp3, 0
10-the battle is over.mp3, 0
11-doubt.mp3, 0
12-something, everything is wrong.mp3, 0
13-raise the curtain.mp3, 0
14-never get there.mp3, 0
15-I remember.mp3, 0
16-face the truth.mp3, 0
17-doubt #2.mp3, 0
18-gonna fight with me.mp3, 0
19-absolute configuration.mp3, 0
20-her decision.mp3, 0
21-where is the truth.mp3, 0
22-pulling my own weight.mp3, 0
23-another episode.mp3, 0
24-wanna destroy.mp3, 0
25-dream world.mp3, 0
26-never leave you alone.mp3, 0
27-this is the truth.mp3, 0
28-flame of despair.mp3, 0
29-now he is.mp3, 0
30-you are here.mp3, 0
31-experimentation.mp3, 0
32-Noi!.mp3, 0
33-the worst ending.mp3, 0
34-I cursed myself.mp3, 0
35-this is my despair.mp3, 0
36-theater of a witch.mp3, 0
37-we're here for you.mp3, 0
38-take your hands.mp3, 0
39-wings of relief.mp3, 0
40-I was waiting for this moment.mp3, 0
41-her new wings.mp3, 0
42-solve the riddle.mp3, 0
43-I think this world is precious.mp3, 0
44-happy ending.mp3, 0
45-not yet.mp3, 0
01 Travel.mp3, 0
02 Sprout.mp3, 0
03 Bud.mp3, 0
04 Morning Glory.mp3, 0
05 Soft Windflower.mp3, 0
06 Under This Tree.mp3, 0
07 Raised Bed.mp3, 0
08 Remembrance.mp3, 0
09 Sorrowless.mp3, 0
10 Swaying Leaf.mp3, 0
11 Daisy.mp3, 0
12 Sleeping Forest.mp3, 0
01 - ホームタウン ト?ミナ.mp3, 0
02 - 海へ.mp3, 0
03 - 港町 ホ?ルホ?タ.mp3, 0
04 - Legend of MANA.mp3, 0
05 - 彩りの大地.mp3, 0
06 - 旅人たちの道.mp3, 0
07 - 風歌う、その旅路.mp3, 0
08 - Tango Appassionata ～その心のままに～.mp3, 0
09 - 運命はかくも残酷に.mp3, 0
10 - Seven Shades of Life ～滅ひ?し煌きの都市～.mp3, 0
11 - Nostalgic Song.mp3, 0
12 - Song of MANA.mp3, 0
01. ベートーベン：ピアノ・ソナタ第14番 ＜月光＞ 第3楽章.mp3, 0
02. ベートーベン：ヴァイオリン・ソナタ第9番 ＜クロイツェル＞ 第1楽章.mp3, 0
03. サン＝サーンス：序奏とロンド・カプリチオーソ.mp3, 0
04. ショパン：エチュード 嬰ハ短調 作品10-4.mp3, 0
05. ショパン：エチュード イ短調 作品25-11 ＜木枯らしのエチュード＞.mp3, 0
06. ショパン：エチュード ホ短調 作品25-5.mp3, 0
07. クライスラー：愛の悲しみ.mp3, 0
08. クライスラー／ラフマニノフ編：愛の悲しみ (ピアノ独奏版).mp3, 0
09. スクリャービン：エチュード 嬰ニ短調 作品8-12.mp3, 0
10. ドビュッシー：月の光.mp3, 0
11. ラヴェル：亡き王女のためのパヴァーヌ.mp3, 0
12. チャイコフスキー：“眠りの森の美女”より「ワルツ」(ピアノ連弾版).mp3, 0
13. ショパン：エチュード ハ短調 作品10-12 ＜革命のエチュード＞.mp3, 0
14. ショパン：バラード第1番 ト短調 作品23.mp3, 0
01. モーツァルト：きらきら星変奏曲 K.265.mp3, 0
02. クライスラー：愛の喜び.mp3, 0
03. モーツァルト：ピアノ・ソナタ第11番第3楽章 ＜トルコ行進曲＞.mp3, 0
04. バッハ：平均律クラヴィーア曲集 第1巻第1番 BWV846 前奏曲.mp3, 0
05. バッハ：平均律クラヴィーア曲集 第1巻第1番 BWV846 フーガ.mp3, 0
06. モーツァルト：ピアノ・ソナタ第3番第3楽章 K.281.mp3, 0
07. チャイコフスキー：“眠りの森の美女”より「バラのアダージョ」(ピアノ連弾版).mp3, 0
08. ショパン：エチュード ホ長調 作品10-3 ＜別れの曲＞.mp3, 0
09. ショパン：幻想即興曲 作品66.mp3, 0
10. ベートーベン：ピアノ・ソナタ第23番 ＜熱情＞ 第3楽章.mp3, 0
11. ショパン／イザイ編：バラード第1番 ト短調 作品23.mp3, 0
01 ビー玉夏模様.mp3, 0
02 Summertime (Scorpion Hot Mix).mp3, 0
03 vind.mp3, 0
04 rayleigh scattering.mp3, 0
05 Miami (Feel the Beat).mp3, 0
06 Sunny Shuffle Stomping.mp3, 0
07 You Said (Speedo Remix).mp3, 0
08 オーシャンサイド・ペンギンフィズ.mp3, 0
09 everlasting days.mp3, 0
10 Way to The Sunset Beach.mp3, 0
11 Sunset Seeker.mp3, 0
12 Undine.mp3, 0
13 Summer Comes Again.mp3, 0
14 The End of Summer.mp3, 0
15 Life.mp3, 0
01 rePrologue.mp3, 0
02 First Dance.mp3, 0
03 Sabbat.mp3, 0
04 ShadyShady.mp3, 0
05 Frontier.mp3, 0
06 Harpyia.mp3, 0
07 Stoicism.mp3, 0
08 Transportation.mp3, 0
09 FAFNIR.mp3, 0
10 Nein.mp3, 0
11 Last Dance.mp3, 0
12 Endrole.mp3, 0
01 - Sis puella magica!.mp3, 0
02 - Salve, terrae magicae.mp3, 0
03 - Gradus prohibitus.mp3, 0
04 - Credens justitiam.mp3, 0
05 - Clementia.mp3, 0
06 - Desiderium.mp3, 0
07 - Conturbatio.mp3, 0
08 - Postmeridie.mp3, 0
09 - Puella in somnio.mp3, 0
10 - Umbra nigra.mp3, 0
11 - Terror adhaerens.mp3, 0
12 - Scaena felix.mp3, 0
13 - Pugna cum maga.mp3, 0
(02)ふわり.mp3, 0
(09)  Innocent Blue.mp3, 0
01 - All Alone With You.mp3, 0
01 - Anata ga Ita Mori.mp3, 0
01 - Asayake no Starmine.mp3, 0
01 - Daisy.mp3, 0
01 - Fantasy.mp3, 0
01 - Fuyu Hanabi.mp3, 0
01 - Harmonize Clover.mp3, 0
01 - Horaism.mp3, 0
01 - Hoshi no Utsuwa.mp3, 0
01 - I will.mp3, 0
01 - if~ひとり思う~.mp3, 0
01 - Kimi no Gin no Niwa.mp3, 0
01 - Koko Kara, Kanata Kara.mp3, 0
01 - Konna Sekai, Shiritakunakatta..mp3, 0
01 - MIRAI.mp3, 0
01 - Orange.mp3, 0
01 - Que sera sera.mp3, 0
01 - Requiem.mp3, 0
01 - Ring of Fortune.mp3, 0
01 - Rokutousei no Yoru.mp3, 0
01 - Shirushi.mp3, 0
01 - Sora wa Takaku Kaze wa Utau.mp3, 0
01 - Vidro Moyou.mp3, 0
01 - Yoru (Full size 2014 ver.).mp3, 0
01 Authentic symphony.mp3, 0
01 Euterpe ~Silence~.mp3, 0
01 Fuyu no Owari ni.mp3, 0
01 God only knows -Secrets of the Goddess-.mp3, 0
01 Harvest.mp3, 0
01 Hikari Furu.mp3, 0
01 Manatsu No Tooriame.mp3, 0
01 Silly.mp3, 0
01 Suki.mp3, 0
01 Utsukushi Sekai.mp3, 0
01 おぼろ月.mp3, 0
01 ヒロイン.mp3, 0
01 ポートレイト.mp3, 0
01 本当の恋.mp3, 0
01 水彩の月.mp3, 0
01 白雪姫.mp3, 0
01 花束.mp3, 0
01-きみの選ぶみち.mp3, 0
01. Anata.mp3, 0
01. broKen NIGHT.mp3, 0
01. Hikari.mp3, 0
01. MIRAI.mp3, 0
01. Stay Alive.mp3, 0
01. Wishes come true -Saki Hokoru Hanatachi ni-.mp3, 0
01. ありがとう、だいすき.mp3, 0
01. これから.mp3, 0
01. ピノとアメリ.mp3, 0
01. 結露.mp3, 0
01.指輪~あたし、今日、結婚します。~.mp3, 0
02 - After Glow.mp3, 0
02 - BLUE.mp3, 0
02 - Chotto Dekakete Kimasu.mp3, 0
02 - Hana.mp3, 0
02 - Last Refrain.mp3, 0
02 - Mahiru.mp3, 0
02 - Namida ga Kieru Nara.mp3, 0
02 - signal.mp3, 0
02 - Teitoku to no Kizuna.mp3, 0
02 - Towa no Hoshi e.mp3, 0
02 - Yasashiku Tsumoru Kotoba no Hana.mp3, 0
02 Asphodelus.mp3, 0
02 Bokura no Ashiato.mp3, 0
02 Departures ～Blessing～.mp3, 0
02 グッバイ.アイザック.mp3, 0
02 伝えたい言葉.mp3, 0
02 初恋 (acoustic version).mp3, 0
02. BEST FRIENDS.mp3, 0
02. Brand New World.mp3, 0
02. Last Song.mp3, 0
02. skyscape.mp3, 0
02. Wishing.mp3, 0
02. アイの庭.mp3, 0
02. アイズ.mp3, 0
02. 運命ノ花.mp3, 0
03 - Nukumori.mp3, 0
03 - pledge.mp3, 0
03 - Rinkou.mp3, 0
03 rainy tone.mp3, 0
03 あなたに恋して.mp3, 0
03 アイ ～Acoustic Session with KAN～.mp3, 0
03 心の鍵.mp3, 0
03. pledge.mp3, 0
03. かざぐるま.mp3, 0
03. 君がいる空.mp3, 0
03.黒猫.mp3, 0
04 - Flavor Of Life -Ballad Version-.mp3, 0
04 - Fuyu Hanabi (Piano Hikikatari).mp3, 0
04 - Necessary.mp3, 0
04 - Perfect Day.mp3, 0
04 Virgin Snow ～初心～.mp3, 0
04 さよなら、アリス.mp3, 0
04 つかのまの虹でも.mp3, 0
04. アルタイル.mp3, 0
04. 奏（かなで）.mp3, 0
05 Sasabune.mp3, 0
05. また君に会える日.mp3, 0
06 - Konna Sekai, Shiritakunakatta..mp3, 0
06. あなたに出会わなければ～夏雪冬花～.mp3, 0
06. 会いたい.mp3, 0
06. 心做し.mp3, 0
07 Fuuga.mp3, 0
07. Asphodelus.mp3, 0
07. うさぎになったバリスタ.mp3, 0
08 Itsuwaranai Kimi e.mp3, 0
08. ラスト・ファンタジア.mp3, 0
09 Saisho no Namida　.mp3, 0
09 星のうつわ(album ver.).mp3, 0
1-Tadoritsuku Basho.mp3, 0
1. 足音 ~Be Strong.mp3, 0
1.10.ナノナキシラベ 琴都 ver-内田彩.mp3, 0
1.ナツノハナ.mp3, 0
10 Harmonia.mp3, 0
10 Koibumi.mp3, 0
10.  Brand New World.mp3, 0
10. Nightmare bringer.mp3, 0
11 - Mitsuba no Musubime.mp3, 0
11 - Planetes.mp3, 0
11. secret base ～君がくれたもの～ (10years after Ver.).mp3, 0
12 - Sayonara Memories.mp3, 0
12 If.mp3, 0
12. ホシノカケラ.mp3, 0
13 Aikotoba feat. Topi -Piano Parallel Mix-.mp3, 0
13. ユメセカイ.mp3, 0
14 Orange.mp3, 0
14 足音 ～Be Strong.mp3, 0
15 Uta ni Katachi wa Nai Keredo.mp3, 0
15. Departures ～あなたにおくるアイの歌～.mp3, 0
15. 君死にたもうことなかれ.mp3, 0
3、ED-.コトダマ紬ぐ未来.mp3, 0
Lia - I scream Chocolatl.mp3, 0
Over the rain ～ひかりの橋～.mp3, 0
Rihwa-Harukaze.mp3, 0
[10] Flight of the Bamboo Cutter ~ Lunatic Princess [2].mp3, 0
? 自傷無色　歌ってみた ver.花たん.mp3, 0
ひまわりの約束.mp3, 0
サクラ.mp3, 0
心做し／花たん.mp3, 0
恋煩い.mp3, 0
手紙 ~愛するあなたへ~.mp3, 0
残像.mp3, 0
蒼き月満ちて.mp3, 0
言葉繋ぎ (OP Full ver.) .mp3, 0
証.mp3, 0
(02)Trouble Busters.mp3, 0
01 - Eien Friends.mp3, 0
01 - Glass no Hanazono.mp3, 0
01 - KiRa-KiRa Sensation!.mp3, 0
01 - Kitto Seishun ga Kikoeru.mp3, 0
01 - Korekara no Someday.mp3, 0
01 - Love wing bell.mp3, 0
01 - Mi wa Music no Mi.mp3, 0
01 - Nawatobi.mp3, 0
01 - Nico Puri Joshi Dou.mp3, 0
01 - No brand girls.mp3, 0
01 - Puwapuwao!.mp3, 0
01 - Shangri-La Shower.mp3, 0
01 - Shiawase Iki no SMILING!.mp3, 0
01 - Susume Tomorrow.mp3, 0
01 - Takaramonozu.mp3, 0
01 - Yume Naki Yume wa Yume Janai.mp3, 0
01 - Yume no Tobira.mp3, 0
01 Bokura no LIVE Kimi to no LIFE.mp3, 0
01 Pure_girls_project.mp3, 0
01. CheerDay CheerGirl!.mp3, 0
01. Diamond Princess no Yuutsu.mp3, 0
01. Love marginal.mp3, 0
01. Silent tonight.mp3, 0
01. Storm in Lover.mp3, 0
01. くるりんMIRACLE.mp3, 0
01. ずるいよMagnetic today.mp3, 0
01. もしもからきっと.mp3, 0
01.soldier game.mp3, 0
01.ぷわぷわーあ！.mp3, 0
02 - Dancing stars on me!.mp3, 0
02 - Happy maker!.mp3, 0
02 - Kaguya no Shiro de Odoritai.mp3, 0
02 - Kimi no Kuse ni!.mp3, 0
02 - Natsu, Owaranaide..mp3, 0
02 - Nightingale Love Song.mp3, 0
02 - Paradise Live.mp3, 0
02 - Ruteshi Kisuki Shiteru.mp3, 0
02 - SENTIMENTAL StepS.mp3, 0
02 - Someday of my life.mp3, 0
02 - START-DASH!!.mp3, 0
02 - Super LOVE Super LIVE!.mp3, 0
02 - Wonder zone.mp3, 0
02 UNBALANCED_LOVE.mp3, 0
02. Love Novels.mp3, 0
02. sweet＆sweet holiday.mp3, 0
02.Darling!!.mp3, 0
03.勇気のReason.mp3, 0
05 Koi no Signal Rin rin rin!.mp3, 0
05 Love marginal.mp3, 0
06 Otome-shiki Ren'ai Juku.mp3, 0
07 Mahoutsukai Hajimemashita!.mp3, 0
08 Jun'ai Lens.mp3, 0
09 Kokuhaku Hiyori, desu!.mp3, 0
1.どんなときもずっと.mp3, 0
10 A-no ne Ga-n-ba-re!.mp3, 0
10 Blue~berry?Train.mp3, 0
11 Kodoku na Heaven.mp3, 0
11 Natsuiro Egao de 1, 2, Jump!.mp3, 0
12 Mermaid festa vol.1.mp3, 0
14 Aishiteru Banzai!.mp3, 0
15 Arifureta Kanashimi no Hate.mp3, 0
16 Listen to my heart!!.mp3, 0
17 after school NAVIGATORS.mp3, 0
2.COLORFUL VOICE.mp3, 0
01 - Kimi no Kokoro wa Kagayaiteru kai.mp3, 0
01. Pops heartで踊るんだもん!.mp3, 0
01. Strawberry Trapper.mp3, 0
01. Waku-Waku-Week!.mp3, 0
01. ジングルベルがとまらない.mp3, 0
01. トリコリコPLEASE!!.mp3, 0
01. ユメ語るよりユメ歌おう.mp3, 0
01. 夢で夜空を照らしたい.mp3, 0
01. 恋になりたいAQUARIUM.mp3, 0
01. 想いよひとつになれ.mp3, 0
01. 決めたよHand in Hand.mp3, 0
01. 空も心も晴れるから.mp3, 0
01. 青空Jumping Heart.mp3, 0
02 - Step! ZERO to ONE.mp3, 0
02. Guilty Night, Guilty Kiss!.mp3, 0
02. MIRAI TICKET.mp3, 0
02. ときめき分類学.mp3, 0
02. サンシャインぴっかぴか音頭.mp3, 0
02. ダイスキだったらダイジョウブ！.mp3, 0
02. ハミングフレンド.mp3, 0
02. 待ってて愛のうた.mp3, 0
02. 未熟DREAMER.mp3, 0
02. 聖なる日の祈り.mp3, 0
03 - Aqours HEROES.mp3, 0
03. 届かない星だとしても.mp3, 0
05 - Hajimemashite no Go Aisatsu -Takami Chika-.mp3, 0
05. 突撃！風雲マリンパーク.mp3, 0
06 - Hajimemashite no Go Aisatsu -Sakurauchi Riko-.mp3, 0
06. 不思議！シーパラダイス発見.mp3, 0
07 - Hajimemashite no Go Aisatsu -Matsuura Kanan-.mp3, 0
07. ゆったりたっぷり！深海水族館.mp3, 0
08 - Hajimemashite no Go Aisatsu -Kurosawa Dia-.mp3, 0
08. 私たちのベストヒットステージ！.mp3, 0
09 - Hajimemashite no Go Aisatsu -Watanabe You-.mp3, 0
1 元気全開DAY! DAY! DAY!.mp3, 0
10 - Hajimemashite no Go Aisatsu -Tsushima Yoshiko-.mp3, 0
11 - Hajimemashite no Go Aisatsu -Kunikida Hanamaru-.mp3, 0
12 - Hajimemashite no Go Aisatsu -Ohara Mari-.mp3, 0
13 - Hajimemashite no Go Aisatsu -Kurosawa Ruby-.mp3, 0
2 夜空はなんでも知ってるの？.mp3, 0
(01)Music S.T.A.R.T!!.mp3, 0
(02)LOVELESS WORLD.mp3, 0
01 - Anemone heart.mp3, 0
01 - Angelic Angel.mp3, 0
01 - Beat in Angel.mp3, 0
01 - Binetsu Kara Mystery.mp3, 0
01 - Bokura wa Ima no Naka de (2).mp3, 0
01 - Bokura wa Ima no Naka de.mp3, 0
01 - Bokutachi wa Hitotsu no Hikari.mp3, 0
01 - Cutie Panther.mp3, 0
01 - Eien Friends (2).mp3, 0
01 - Eien Friends.mp3, 0
01 - Glass no Hanazono.mp3, 0
01 - HEART to HEART!.mp3, 0
01 - KiRa-KiRa Sensation!.mp3, 0
01 - Kitto Seishun ga Kikoeru.mp3, 0
01 - Korekara no Someday.mp3, 0
01 - Love wing bell.mp3, 0
01 - Mermaid festa vol.2 ～Passionate～.mp3, 0
01 - Mi wa Music no Mi.mp3, 0
01 - MUSEUM de Doushitai.mp3, 0
01 - Music S.T.A.R.T!!.mp3, 0
01 - Nawatobi.mp3, 0
01 - Nico Puri Joshi Dou.mp3, 0
01 - No brand girls.mp3, 0
01 - O.P.E.N FANTASY.mp3, 0
01 - Otohime Heart de Love Kyuuden.mp3, 0
01 - Puwapuwao!.mp3, 0
01 - Saitei de Saikou no Paradiso.mp3, 0
01 - Sakkaku CROSSROADS .mp3, 0
01 - Shangri-La Shower.mp3, 0
01 - Shiawase Iki no SMILING!.mp3, 0
01 - Sore wa Bokutachi no Kiseki.mp3, 0
01 - SUNNY DAY SONG.mp3, 0
01 - Susume Tomorrow.mp3, 0
01 - Takaramonozu.mp3, 0
01 - WAO-WAO Powerful day!.mp3, 0
01 - Wonderful Rush.mp3, 0
01 - Yume Naki Yume wa Yume Janai.mp3, 0
01 - Yume no Tobira.mp3, 0
01 Bokura no LIVE Kimi to no LIFE.mp3, 0
01 Donna Toki mo Zutto.mp3, 0
01 KiRa-KiRa Sensation!.mp3, 0
01 LONELIEST BABY.mp3, 0
01 Pure_girls_project.mp3, 0
01 Spicaterrible.mp3, 0
01 Wonderful Rush.mp3, 0
01. Angelic Angel.mp3, 0
01. CheerDay CheerGirl!.mp3, 0
01. Diamond Princess no Yuutsu.mp3, 0
01. Dreamin' Go! Go!!.mp3, 0
01. Koi wa Taiyou ja nai.mp3, 0
01. Listen to my heart!!.mp3, 0
01. Love marginal.mp3, 0
01. Mogyutto `LOVE` de Sekkin Chuu!.mp3, 0
01. MOMENT RING.mp3, 0
01. Music S.T.A.R.T!!.mp3, 0
01. Silent tonight.mp3, 0
01. Snow halation.mp3, 0
01. Storm in Lover.mp3, 0
01. Watashitachi wa Mirai no Hana.mp3, 0
01. Wonderful Rush.mp3, 0
01. あしたへ咲く花.mp3, 0
01. くるりんMIRACLE.mp3, 0
01. これから.mp3, 0
01. ずるいよMagnetic today.mp3, 0
01. そして最後のページには.mp3, 0
01. もしもからきっと.mp3, 0
01. 僕らのLIVE 君とのLIFE.mp3, 0
01. 僕らは今のなかで.mp3, 0
01. 同じ星が見たい.mp3, 0
01. 夏色えがおで1,2,Jump! -Waiting for Summer of love REMIX-.mp3, 0
01. 夏色えがおで1、2、Jump！.mp3, 0
01. 好きですが好きですか？.mp3, 0
01. 思い出以上になりたくて.mp3, 0
01. 永遠フレンズ.mp3, 0
01. 知らないLove＊教えてLove.mp3, 0
01.Aki no Anata no Sora Tooku.mp3, 0
01.soldier game.mp3, 0
01.ぷわぷわーあ！.mp3, 0
01.乙女式れんあい塾.mp3, 0
01.告白日和、です！.mp3, 0
02 - Arashi no Naka no Koi Dakara.mp3, 0
02 - Dancing stars on me!.mp3, 0
02 - Datte Datte Amujou.mp3, 0
02 - Future style.mp3, 0
02 - Happy maker!.mp3, 0
02 - HEARTBEAT.mp3, 0
02 - Hello, Hoshi wo Kazoete.mp3, 0
02 - Kaguya no Shiro de Odoritai.mp3, 0
02 - Kimi no Kuse ni!.mp3, 0
02 - LOVELESS WORLD.mp3, 0
02 - Mirai wa... LOVE & PEACE.mp3, 0
02 - Natsu, Owaranaide..mp3, 0
02 - Nightingale Love Song (2).mp3, 0
02 - Nightingale Love Song.mp3, 0
02 - NO EXIT ORION.mp3, 0
02 - Oh, Love & Peace!.mp3, 0
02 - Paradise Live.mp3, 0
02 - Ruteshi Kisuki Shiteru.mp3, 0
02 - SENTIMENTAL StepS.mp3, 0
02 - Someday of my life.mp3, 0
02 - START-DASH!! (2).mp3, 0
02 - START-DASH!!.mp3, 0
02 - Super LOVE Super LIVE!.mp3, 0
02 - WILD STARS (2).mp3, 0
02 - WILD STARS.mp3, 0
02 - Wonder zone.mp3, 0
02 COLORFUL VOICE.mp3, 0
02 Happy maker!.mp3, 0
02 Oh, Love&Peace!.mp3, 0
02 UNBALANCED_LOVE.mp3, 0
02 Yuujou No-Change.mp3, 0
02. after school NAVIGATORS.mp3, 0
02. Aishiteru Banzai!.mp3, 0
02. baby maybe 恋のボタン.mp3, 0
02. BEST FRIENDS.mp3, 0
02. Hello,星を数えて.mp3, 0
02. Love Novels.mp3, 0
02. LOVELESS WORLD.mp3, 0
02. Mermaid festa vol.1.mp3, 0
02. Mou Hitori ja nai yo.mp3, 0
02. Oh,Love＆Peace！.mp3, 0
02. Sayounara e Sayonara!.mp3, 0
02. sweet＆sweet holiday.mp3, 0
02. WILD STARS.mp3, 0
02. あ・の・ね・が・ん・ば・れ！.mp3, 0
02. 友情ノーチェンジ.mp3, 0
02. 小夜啼鳥恋詩.mp3, 0
02. 春情ロマンティック.mp3, 0
02.Darling!!.mp3, 0
02.Futari Happiness.mp3, 0
02.ぶる～べりぃ?とれいん.mp3, 0
02.まほうつかいはじめました！.mp3, 0
03 - Aki no Anata no Sora Tooku.mp3, 0
03 - Kitto Seishun ga Kikoeru.mp3, 0
03 - Takaramonozu.mp3, 0
03 - 恋のシグナルRin rin rin!.mp3, 0
03 Mermaid festa vol.2 ～Passionate～.mp3, 0
03 Snow halation.mp3, 0
03. きっと青春が聞こえる.mp3, 0
03. タカラモノズ.mp3, 0
03. 秋のあなたの空遠く.mp3, 0
03.勇気のReason.mp3, 0
03.孤独なHeaven.mp3, 0
03.純愛レンズ.mp3, 0
04 - Futari Happiness.mp3, 0
04 - Kaguya no Shiro de Odoritai.mp3, 0
04 - Paradise Live.mp3, 0
04 baby maybe Koi no Button.mp3, 0
04 Someday of my life.mp3, 0
04. Paradise Live.mp3, 0
04. ふたりハピネス.mp3, 0
04. 輝夜の城で踊りたい.mp3, 0
04.ありふれた悲しみの果て.mp3, 0
05 - Fuyu ga Kureta Yokan.mp3, 0
05 - Sore wa Bokutachi no Kiseki.mp3, 0
05 - Susume Tomorrow.mp3, 0
05 Koi no Signal Rin rin rin!.mp3, 0
05 Love marginal.mp3, 0
05. それは僕たちの奇跡.mp3, 0
05. ススメ→トゥモロウ.mp3, 0
05. 冬がくれた予感.mp3, 0
06 - Datte Datte Aamujou.mp3, 0
06 - START DASH!!.mp3, 0
06 - Trouble Busters.mp3, 0
06 Otome-shiki Ren'ai Juku.mp3, 0
06 sweet&sweet holiday.mp3, 0
06. START：DASH!!.mp3, 0
06. Trouble Busters.mp3, 0
06. だってだって噫無情.mp3, 0
07 - Bokura wa Ima no Naka de (LittleMore-Rock Mix).mp3, 0
07 - Donna Toki mo Zutto.mp3, 0
07 - Korekara no Someday.mp3, 0
07 Diamond Princess no Yuuutsu.mp3, 0
07 Mahoutsukai Hajimemashita!.mp3, 0
07. これからのSomeday.mp3, 0
07. どんなときもずっと.mp3, 0
07. 僕らは今のなかで (LittleMore-Rock Mix).mp3, 0
08 - COLORFUL VOICE.mp3, 0
08 - No brand girls (GRP-Explosion Mix).mp3, 0
08 - Wonder zone.mp3, 0
08 Jun'ai Lens.mp3, 0
08 Love Novels.mp3, 0
08. COLORFUL VOICE.mp3, 0
08. No brand girls (GRP-Explosion Mix).mp3, 0
08. Wonder zone.mp3, 0
09 - No brand girls.mp3, 0
09 - START DASH!! (Bitter-Sweet Mix).mp3, 0
09 - Yume no Tobira.mp3, 0
09 Kokuhaku Hiyori, desu!.mp3, 0
09 Shiranai LovexOshiete Love.mp3, 0
09. No brand girls.mp3, 0
09. START：DASH!! (Bitter-Sweet Mix).mp3, 0
09. ユメノトビラ.mp3, 0
1.どんなときもずっと.mp3, 0
10 - SENTIMENTAL StepS.mp3, 0
10 - START DASH!!.mp3, 0
10 - Wonderful Rush (Hevey-Rush Mix).mp3, 0
10 A-no ne Ga-n-ba-re!.mp3, 0
10 Blue~berry?Train.mp3, 0
10. SENTIMENTAL StepS.mp3, 0
10. START：DASH!!.mp3, 0
10. Wonderful Rush (Hevey-Rush Mix).mp3, 0
11 - Binetsu Kara Mystery.mp3, 0
11 - Love wing bell.mp3, 0
11 - Music S.T.A.R.T!! (SKA-Feel Mix).mp3, 0
11 Kodoku na Heaven.mp3, 0
11 Natsuiro Egao de 1, 2, Jump!.mp3, 0
11. Love wing bell.mp3, 0
11. Music S.T.A.R.T!! (SKA-Feel Mix).mp3, 0
11. 微熱からMystery.mp3, 0
12 - Dancing stars on me!.mp3, 0
12 - Kimi no Kuse ni!.mp3, 0
12 - Pure girls project (Super-Mondo Mix).mp3, 0
12 Mermaid festa vol.1.mp3, 0
12 soldier game.mp3, 0
12. Dancing stars on me!.mp3, 0
12. Pure girls project (Super-Mondo Mix).mp3, 0
12. キミのくせに！.mp3, 0
13 - Cutie Panther (Metal-Panther Mix).mp3, 0
13 - Cutie Panther.mp3, 0
13 - KiRa-KiRa Sensation!.mp3, 0
13 Darling!!.mp3, 0
13 Mogyutto “love” de Sekkinchuu!.mp3, 0
13. Cutie Panther (Metal-Panther Mix).mp3, 0
13. Cutie Panther.mp3, 0
13. KiRa-KiRa Sensation!.mp3, 0
14 - Binetsu Kara Mystery (TeKe-TeKe ELEKI Mix).mp3, 0
14 - Happy maker!.mp3, 0
14 - Natsu, Owaranaide..mp3, 0
14 Aishiteru Banzai!.mp3, 0
14 Yuuki no Reason.mp3, 0
14. Happy maker!.mp3, 0
14. 夏、終わらないで。.mp3, 0
14. 微熱からMystery (TeKe-TeKe ELEKI Mix).mp3, 0
15 - Pure girls project.mp3, 0
15 - Shangri-La Shower.mp3, 0
15 Arifureta Kanashimi no Hate.mp3, 0
15. Pure girls project.mp3, 0
15. Shangri-La Shower.mp3, 0
16 - Ruteshi Kisuki Shiteru.mp3, 0
16 - UNBALANCED LOVE.mp3, 0
16 Listen to my heart!!.mp3, 0
16. UNBALANCED LOVE.mp3, 0
16. るてしキスキしてる.mp3, 0
17 after school NAVIGATORS.mp3, 0
2.COLORFUL VOICE.mp3, 0
No brand girls.mp3, 0
START DASH!!.mp3, 0
START DASH.mp3, 0
Wonderzone.mp3, 0
きみのココロに….mp3, 0
これからのSomeday.mp3, 0
ススメ  トゥモロウ.mp3, 0
恋する惑星.mp3, 0
(01)  メンタル.mp3, 0
(01) ブルー・フィールド.mp3, 0
(01)エキストラレボリューション.mp3, 0
(01)キラメキ.mp3, 0
(02) Starry Night.mp3, 0
(03)サンタクロースを僕に.mp3, 0
(09) Golden Time.mp3, 0
(15) 39.mp3, 0
01 - Ai no Yokan.mp3, 0
01 - Colorful Story.mp3, 0
01 - Date TIME.mp3, 0
01 - Daydream cafe.mp3, 0
01 - Dekakemashou to Kotaemashou.mp3, 0
01 - Egao ni Naru.mp3, 0
01 - Fure Fure Mirai.mp3, 0
01 - Gimmie! Revolution.mp3, 0
01 - Hajimete Girls!.mp3, 0
01 - Hikaru Nara.mp3, 0
01 - Honey Come!!.mp3, 0
01 - irony.mp3, 0
01 - Je Je t'aime Communication.mp3, 0
01 - Kimi iro Signal.mp3, 0
01 - Koi iro Iris.mp3, 0
01 - Kuchizuke Diamond.mp3, 0
01 - Le jour.mp3, 0
01 - Links.mp3, 0
01 - make a friendship.mp3, 0
01 - Masshiro World.mp3, 0
01 - May I Help You.mp3, 0
01 - Mirai Fanfare.mp3, 0
01 - Miraikei Answer.mp3, 0
01 - mon cherie, ma cherie.mp3, 0
01 - monochrome.mp3, 0
01 - Natsuiro Present.mp3, 0
01 - Non Non Biyori.mp3, 0
01 - NOW!!! GAMBLE.mp3, 0
01 - On my Sheep.mp3, 0
01 - Oto no Naru Hou e.mp3, 0
01 - Poppin Jump.mp3, 0
01 - Prism Sympathy.mp3, 0
01 - S.t.a.r.S.mp3, 0
01 - Sakura Happy Innovation.mp3, 0
01 - Seishun wa Non-Stop!.mp3, 0
01 - Star!!.mp3, 0
01 - Tanoshiki Tokimeki.mp3, 0
01 - TERRITORY.mp3, 0
01 - Tomadoi Recipe.mp3, 0
01 - TREASURE BOX.mp3, 0
01 - Troublemaker.mp3, 0
01 - Tutti!.mp3, 0
01 - Univer Page.mp3, 0
01 - You Gotta Love Me!.mp3, 0
01 - Yukitoki.mp3, 0
01 - Yumeiro Parade.mp3, 0
01 - Zentenkou Gata Irasshaimase.mp3, 0
01 - ラブチーノ.mp3, 0
01 - 恋のさきさき☆レボリューションですよう♪.mp3, 0
01 - 金曜日のおはよう -another story-.mp3, 0
01 Aoku Yureteiru.mp3, 0
01 Be My Friend.mp3, 0
01 Flower Drops.mp3, 0
01 Happy Girl.mp3, 0
01 Kanojo ga Flag wo Tateru Wake.mp3, 0
01 Naisho no Hanashi.mp3, 0
01 PARALLEL CONTRAST.mp3, 0
01 PUNCH☆MIND☆HAPPINESS (はなこver.).mp3, 0
01 Ramune-iro Seishun.mp3, 0
01 REASON.mp3, 0
01 WOO YEAH! .mp3, 0
01 おつかれサマー!.mp3, 0
01 そばかす.mp3, 0
01 プレパレード.mp3, 0
01 七色シンフォニー.mp3, 0
01 瞬間Diamond.mp3, 0
01. 8bit skipper.mp3, 0
01. GOIN'!!!.mp3, 0
01. Have a nice MUSIC!!.mp3, 0
01. Kotoba no Iranai Yakusoku.mp3, 0
01. nexus.mp3, 0
01. OVERLAPPERS.mp3, 0
01. Pon De Beach (M@STER VERSION).mp3, 0
01. Take Off.mp3, 0
01. TOKIMEKIエスカレート.mp3, 0
01. Tokinowa.mp3, 0
01. あ・はっひ?ー☆にゅーいやー.mp3, 0
01. いっしょに帰ろう.mp3, 0
01. いつかの、いくつかのきみとのせかい.mp3, 0
01. きみにいっぱい☆.mp3, 0
01. さぁ、こごう。.mp3, 0
01. だって、ギュってして。.mp3, 0
01. ななひら - ウサキック！.mp3, 0
01. みのりのぞっこん未来予報?.mp3, 0
01. わんだふるワールド.mp3, 0
01. エキストラレボリューション (キャラバージョン).mp3, 0
01. シュガーソングとビターステップ.mp3, 0
01. ノーポイッ！.mp3, 0
01. ピカチュウのうた.mp3, 0
01. ピカピカなのん.mp3, 0
01. ファンタスティック Q&A.mp3, 0
01. ミライファンファーレ (Album Version).mp3, 0
01. ラブミーギミー.mp3, 0
01. 一匙のお姫さま物語.mp3, 0
01. 恋になりたいAQUARIUM.mp3, 0
01. 曖昧ヘルツ.mp3, 0
01. 未来少女たち (Version 2).mp3, 0
01. 毎日コハルビヨリ.mp3, 0
01. 私だけの物語.mp3, 0
01.KUMAMIKO DANCING-日本ACG.mp3, 0
01._ray.mp3, 0
02 - All Over.mp3, 0
02 - Daydream cafe ~Gochuumon wa Chino Desu ka ver.~.mp3, 0
02 - Daydream cafe ~Gochuumon wa Cocoa Desu ka ver.~.mp3, 0
02 - Daydream cafe ~Gochuumon wa Rize Desu ka ver.~.mp3, 0
02 - Hanagonomi.mp3, 0
02 - Hello, Hoshi wo Kazoete.mp3, 0
02 - Kesalan Patharan.mp3, 0
02 - Kimi iro Everyday.mp3, 0
02 - Koi no Shirushi from Elsie.mp3, 0
02 - Make Up!.mp3, 0
02 - Mirai Shoujotachi.mp3, 0
02 - Platinum Jet.mp3, 0
02 - Signal ABC.mp3, 0
02 - Subarashiki FUN!TASY.mp3, 0
02 - Yuubae Present -LOVE LAIKA Remix-.mp3, 0
02 - Yuubae Present -Rosenburg Engel Remix-.mp3, 0
02 - Yuubae Present.mp3, 0
02 - はぴはぴ調布☆パラダイスですよう♪.mp3, 0
02 - 告白予行練習.mp3, 0
02 Affection.mp3, 0
02 MOST以上のMOSTEST”(ジェシカver).mp3, 0
02 motto☆派手にね！.mp3, 0
02 tiny lamp.mp3, 0
02 インフィナイト☆サプライズ .mp3, 0
02 インフィナイト☆サプライズ.mp3, 0
02 キセキはじまり☆.mp3, 0
02 ワグ・ズーズー miyu ver..mp3, 0
02.  Daydream cafe　～ご注文はシャロですか？ver.～.mp3, 0
02. Be My Friend-マリアFeaturing隣人部 VER.-.mp3, 0
02. Be My Friend-小鳩Featuring隣人部 VER.-.mp3, 0
02. Daydream cafe　～ご注文は千夜ですか？ver.～.mp3, 0
02. Joyfulness.mp3, 0
02. Kisaragi Attention.mp3, 0
02. Prism Sympathy.mp3, 0
02. shiny smile (M@STER VERSION).mp3, 0
02. ななひら - カフェモカしゅがー.mp3, 0
02. アネモネの花.mp3, 0
02. 地下鉄ラビリンス.mp3, 0
02.Daydream cafe ~Rize Ver.~.mp3, 0
02.可愛くなりたい.mp3, 0
03 Change.mp3, 0
03 READY!! (M@STER VERSION).mp3, 0
03 silky heart.mp3, 0
03. ☆Lovely Super Idol☆.mp3, 0
03. 僕らの翼-マリアFeaturing隣人部 VER.-.mp3, 0
03. 僕らの翼-小鳩Featuring隣人部 VER.-.mp3, 0
03. 流川ガールズソング.mp3, 0
04 - Ikinari! Monster.mp3, 0
04 Butter-Fly.mp3, 0
04 Jibun REST@RT (M@STER VERSION).mp3, 0
04. Be Back ON!.mp3, 0
04. Cheer! Tear？ Cheer!!.mp3, 0
04. Yuukei Yesterday.mp3, 0
04. ななひら - うにゃうにゃ＊ぱっぱ.mp3, 0
05 - NPM na Kanojo Desu ~Nippon Moe na Kanojo Desu~.mp3, 0
05. Renai Circulation.mp3, 0
05. ウミユリ海底譚 .mp3, 0
05. ココ、ななひら - そろばん?De?ビッグバン.mp3, 0
05. 未来少女たち (Version 3).mp3, 0
06 - おじぼうい (仮).mp3, 0
06 - ヤキモチの答え.mp3, 0
06 ハレ晴レユカイ.mp3, 0
06 瞬間リアリティ.mp3, 0
06. ZIGG-ZAGG.mp3, 0
07 - landscape.mp3, 0
07 - 未来図.mp3, 0
07 I am Alice.mp3, 0
07 コイイロノユメ.mp3, 0
07. ONLY MY NOTE (M@STER VERSION).mp3, 0
07. shake it.mp3, 0
08 - とまどい→レシピ.mp3, 0
09 シークレット ユニゾン.mp3, 0
09 彼女がフラグを立てる理由 [恵 TV Size].mp3, 0
09. のんのん日和.mp3, 0
1 すぱそにっ.mp3, 0
1 でんぱーりーナイト.mp3, 0
1 元気全開DAY! DAY! DAY!.mp3, 0
10 - ウミユリ海底譚.mp3, 0
10 Kisou Honnou feat. Yuuki Aoi.mp3, 0
10 わんだふるワールド.mp3, 0
10. いーあるふぁんくらぶ.mp3, 0
11 - ませまてぃっく.ま+ま=まじっく!(L×o÷n=g.V±e∽r!).mp3, 0
11 - 病名恋ワズライ.mp3, 0
11 Extra Revolution.mp3, 0
11. Miracle∞Hinacle.mp3, 0
11. キミとの欠片.mp3, 0
12 チョコレートグラビティ.mp3, 0
12. Affection.mp3, 0
13 バニラソルト.mp3, 0
13. contrail tail.mp3, 0
14 オレンジ.mp3, 0
17. †渚の小悪魔ラヴリィ～レイディオ† (Ryu☆Mix).mp3, 0
2 バリ3共和国.mp3, 0
2. Koishichattemo Ii Desu ka.mp3, 0
Ayako - Do it seriously!.mp3, 0
Catch You Catch Me.mp3, 0
Dragon Ball GT - OP1 - Dan Dan Kokoro Hikareteku.mp3, 0
Platinum Disco.mp3, 0
siawase.mp3, 0
【想像フォレスト】歌ってみた　＠ゆいこんぬ.mp3, 0
この恋のストーリー.mp3, 0
オレンジ.mp3, 0
パラボラヴァ.mp3, 0
ヘルシーな生活.mp3, 0
初恋の絵本 feat.合田美桜(CV-豊崎愛生).mp3, 0
01. 砂上.mp3, 0
02. ライ ライ ライ.mp3, 0
03. flower of sorrow.mp3, 0
04. 山桜.mp3, 0
05. 狐ノ嫁入リ.mp3, 0
06. Friction.mp3, 0
07. 泣いてる獣.mp3, 0
08. Summer Drops.mp3, 0
09. Message.mp3, 0
10. 蛍火.mp3, 0
11. 花のうた.mp3, 0
12. TRUE MAGIC......mp3, 0
